record_id,why
openalex:W4304195432,known_system
arxiv:2308.08155,known_system
arxiv:2308.00352,known_system
arxiv:2303.11366,known_system
s2_snowball:e41482f4ee984f17382f6cdd900df094d928be06,known_system
arxiv:2410.08164,known_system
arxiv:2402.01030,known_system
arxiv:2407.16741,known_system
arxiv:2402.07456,known_system
s2_snowball:ff3e4f7c2481fb6df539f02be5945235101cbc19,known_system
arxiv:2405.15793,known_system
arxiv:2412.05467,known_system
s2_snowball:70aa016c1f68fd5c0261f26ad20017b8307650af,known_system
arxiv:2606.09498,known_system
arxiv:2606.25514,known_system
s2:4300b808bd7cd1ea81556334065eb7d6981af365,metadata_mismatch
s2:5013b8077228389d9e3de8f8480221db311d4312,metadata_mismatch
s2:7ef32f59d536dd816effce7ea088205df83996dd,metadata_mismatch
s2:fcd00c26d1cab894e30c46119822c302547b395d,metadata_mismatch
s2:65c4c036c1412ff24b02eec2434287e7c26f8b66,metadata_mismatch
arxiv:2504.04220,metadata_mismatch
s2:d2664cac527dc27dbaeeec53bd2136d8b752dfec,metadata_mismatch
s2:02c577223d9c0380648ebb988ad55db3b9832eb4,metadata_mismatch
arxiv:2509.21553,metadata_mismatch
arxiv:2509.21782,metadata_mismatch
arxiv:2512.12791,metadata_mismatch
s2:58b4fac9b871f93e9072fa71cb2bbeed716611e4,metadata_mismatch
s2:5fd47f3c351347de692aa41262acd331635f5879,metadata_mismatch
arxiv:2509.13127,metadata_mismatch
s2:7b1579f7cfbf0dea0a2937b4a4c7991d6164c625,metadata_mismatch
s2:6ad686530fbd9bb1a30fae1fd068dfad0f503917,metadata_mismatch
arxiv:2508.12379,metadata_mismatch
s2:af598689eb28fe0de48f14a6f1b302ff86ac5fe9,metadata_mismatch
s2:4393ea676d11dbcfa34766a35696da76a60ef740,metadata_mismatch
arxiv:2511.18413,metadata_mismatch
s2:1d9fe0a048804d8714c8b957245fd7e1122ca03e,metadata_mismatch
s2:56868e0c091c9f36dd98bc32c1ecea977192fd01,metadata_mismatch
s2:9d8ffad7a696416268c42c0b742c442ebcc03258,metadata_mismatch
s2:479e54f2316019c039678086601a9eb6ff91dd28,metadata_mismatch
s2:6c9f825f1385f6d6d52312a007497e6e40fdf8be,metadata_mismatch
s2:43398ddbce45891060198c4d064d0484a170f453,metadata_mismatch
arxiv:2511.03153,metadata_mismatch
arxiv:2503.23803,metadata_mismatch
s2:c8a10363246f199d52bcbc91e2baee4f09fddf05,metadata_mismatch
s2:812f347a936dbba9ae2d7d9c4003b9fdc7886490,metadata_mismatch
s2:36c722f4a8d67d7d411a6544975293e7cf0c5149,metadata_mismatch
s2:67ffb7b1b54bd51d1903ae93d3e2091310aa0dcb,metadata_mismatch
openalex:W7171042271,metadata_mismatch
s2:ea8c42912a081b90db409e4565079c62afa4caf9,metadata_mismatch
s2:878db9be69099773aa7bb919d89561f31127cf3f,metadata_mismatch
s2:b824d3133b0cd898baf4d6232bae0bd67da11cb1,metadata_mismatch
s2:cbfaa234828ff15214e5462ccd0f3746f70a9162,metadata_mismatch
arxiv:2603.10646,metadata_mismatch
s2:341883c91dabb788b32dae7d1bd6c6146d266b95,metadata_mismatch
s2:c848c7edfaaa0a00d90e339d7fe15dc09f7f626b,metadata_mismatch
arxiv:2605.16233,metadata_mismatch
s2:0ba5800fa369104a8bdfa53502a7aef0880d3eae,metadata_mismatch
s2:5f010a2583201f6c541f5b906f37574d58ef933e,metadata_mismatch
s2:34df9357b07509c5513420259f9c360925a63b75,metadata_mismatch
arxiv:2602.10367,metadata_mismatch
openalex:W7203465692,metadata_mismatch
arxiv:2603.17694,metadata_mismatch
arxiv:2607.18249,metadata_mismatch
arxiv:2606.00610,metadata_mismatch
arxiv:2605.25101,metadata_mismatch
s2:c60352300342a7365f80b9c7a095e3041ccd33fb,metadata_mismatch
arxiv:2603.02345,metadata_mismatch
s2:e3d459d85253b1a606a236c96aa94a517b850afc,metadata_mismatch
arxiv:2607.07467,metadata_mismatch
s2:bd54e9ddada52dab5bde02cda4b63c25c6cf8357,metadata_mismatch
s2:03f6a27b335f0449ca9ec6c2bc572b46267640a0,metadata_mismatch
arxiv:2605.15611,metadata_mismatch
openalex:W7121051508,metadata_mismatch
openalex:W7164075372,metadata_mismatch
s2:21e45f760e4f375bf0d68e41a4a9b71c46594b62,metadata_mismatch
arxiv:2605.22855,random
s2:c77bcd8e0c663d7ddbb4b47b15226b1ad2107c95,random
arxiv:2507.03726,random
arxiv:2604.05130,random
arxiv:2608.09524,random
arxiv:2606.20014,random
s2:21fbc9e43d0fc342eeb675118cb7cb5c11593d90,random
openalex:W7128804215,random
github:droidrun/mobilerun,random
s2_snowball:4e80a74556bc663d08ea146f48b5d0a3d076e9a5,random
survey_refs:preprints:202604.0428:61,random
arxiv:2606.08960,random
s2:2dd3e32248e1c978af798a3d0989ef5c301ab01a,random
s2:ee81ef01d67b811073fe765a50ee08ca7b497f87,random
s2:1e0f75c9b80829113023d097fb374dc24eb22454,random
arxiv:2605.31468,random
s2_snowball:36425c862aa1b36095105f57e608374dcdbeae7a,random
s2_snowball:b38ba9b092929caff45ca60c01b0c0336926eb75,random
s2_snowball:6eeaf1e7b3be81eb1f44f80906757964e6183fec,random
arxiv:2511.15061,random
arxiv:2606.28841,random
s2_snowball:10abc6dab354e09149ba4d52137d4a5a731cb0bc,random
arxiv:2608.22793,random
s2_snowball:4f5945f18c27caeda1b4cf6209c1989a8f8ce096,random
s2_snowball:d416ebeee27c2cb6c25acd35fc65f7453398aee9,random
awesome:picrew:e7cf466f6ea7,random
openalex:W7171057576,random
openalex:W7155036054,random
s2_snowball:f13f35e8dd258285d670481acc39728ed44918ac,random
openalex:W7160991839,random
arxiv:2507.22711,random
arxiv:2608.13450,random
github:AntigmaLabs/ante,random
arxiv:2502.18515,random
openreview:mlgRKaosrj,random
arxiv:2607.26777,random
s2_snowball:b6b04754a8f374a491a7614de95b8dde442b4fd9,random
s2_snowball:61c723e7d91ca308b9eeacab35a2fce7548ef9fc,random
arxiv:2607.04758,random
s2_snowball:23941a86517887599cec9db1178dd5af1ff5052a,random
s2_snowball:1c89e068b100fe6a0f86a5b97c98f080adb5082d,random
s2_snowball:6afb5e691eb89eff82dde7c30de19e8335cb51d0,random
s2:3e266c1668033cc71ad6ebf192987acacfe5e251,random
arxiv:2502.18652,random
leaderboard:swe-bench:swe-agent-multimodal,random
arxiv:2505.19896,random
arxiv:2602.14160,random
arxiv:2605.04251,random
s2_snowball:e3802c26f893ace5bc591afbd31e6dde8c4d4d8e,random
s2_snowball:274290ff4090c6f2b7ba7bd76e732f5ddd0db842,random
s2_snowball:ad3b41594781fb771dc43b3711e6ea494468f8c6,random
arxiv:2601.06606,random
s2_snowball:d987b87fecfe6b1887987ae580b1b3c65a851932,random
s2_snowball:374f7ae10cf971ee24b147d13b594ce330a03c67,random
arxiv:2607.16712,random
arxiv:2605.21997,random
openalex:W7149349454,random
arxiv:2603.27195,random
leaderboard:swe-bench:guirepair,random
arxiv:2308.04371,random
s2_snowball:7f583a90890d8c4ae750676bb66d8f54afd8c97a,random
s2_snowball:0ea594436ddb51456ebccf2291d49440003c6dcf,random
arxiv:2309.00986,random
s2_snowball:7a7eccd15bf3f4a638250d0705a9a7889bf9951f,random
openalex:W7167885093,random
s2:ece5259ac7f3552547d01a67025fbcc6bef7ae9c,random
arxiv:2410.19245,random
s2:805e380a4febd0a185b6bdff9a7be09e726fc705,random
github:yashab-cyber/opendroid,random
arxiv:2606.00555,random
openalex:W7110469586,random
arxiv:2608.03468,random
awesome:picrew:6965b6d9bcf0,random
arxiv:2603.25723,random
s2_snowball:71b69da6e0cb9e59c6ac041968801add2c61e3aa,random
openreview:MT7xXCWp3f,random
s2:0b4fe767a365cc38015ecd935b3009b76af098dc,random
github:snarktank/compound-product,random
openalex:W7130655258,random
arxiv:2604.11045,random
arxiv:2410.14209,random
arxiv:2506.19998,random
s2:3f5e1757d41071e1a09425cc3676f6194fafa797,random
arxiv:2603.07169,random
arxiv:2609.05510,random
s2_snowball:7c557d64c13083c1898d319c2628ab13264f95f5,random
arxiv:2502.16660,random
s2_snowball:afa3685b3a2bd6986346330c9dc990b64407e4ca,random
s2_snowball:05927bb6149964f3ecaff1f9be79e23bd9bee07f,random
arxiv:2510.26242,random
s2_snowball:e713c2d7fed016aad3affc3d9c985a55c9715250,random
s2:e0472989c558a225e7f176c0172dee7e19dbbde1,random
arxiv:2604.13559,random
github:NPC-Worldwide/npcpy,random
survey_refs:preprints:202604.0428:59,random
s2:91ab40f8b258bb1bba0ae1a5efd58259dcad691c,random
arxiv:2607.26367,random
arxiv:2409.13082,random
s2_snowball:0874581dabb0af63971fa3026779d4e1e4ea5f61,random
openalex:W7106549008,random
leaderboard:osworld:intelligence-indeed-agent,random
arxiv:2307.07697,random
arxiv:2505.19623,random
openalex:W7151632066,random
arxiv:2605.15221,random
arxiv:2607.07379,random
arxiv:2408.10635,random
s2_snowball:277ad122f68a777e2be2cedf4c51d63776010b23,random
arxiv:2511.22074,random
arxiv:2605.25030,random
arxiv:2603.26233,random
openalex:W7167798134,random
openreview:BsA2GNkJhz,random
arxiv:2410.20445,random
arxiv:2608.16900,random
arxiv:2605.04003,random
s2:57a4bb44b5340a5ed2c805e05ed8756907a5e4cf,random
openreview:o3V7OuPxu4,random
arxiv:2509.12282,random
survey_refs:openreview:eONq7FdiHa:190,random
s2_snowball:79173dc1fea859a5eb12ec53187f6790f976266d,random
leaderboard:osworld:gbox-agent,random
arxiv:2605.05963,random
s2_snowball:221505d61d9d22aadb5795b57ce28c2773388f43,random
awesome:picrew:436dbc36bf71,random
s2_snowball:8d63ca1b42faa81a1c3291276a330d3f3a88d873,random
openalex:W7159600006,random
openalex:W7210278087,random
s2_snowball:2ede39666689be19181ca4b534fa651251449271,random
arxiv:2511.15456,random
github:bosun-ai/swiftide,random
s2_snowball:90aee9a262f50fd84b62fd9bcd4a048e48adb497,random
openreview:HPwxZPrVLa,random
openalex:W7111601702,random
arxiv:2604.14572,random
arxiv:2603.11935,random
s2_snowball:1d14a708622917da4b9820ada6d32af24fc1651a,random
s2:6cf957b3b42bf6f5926b7b96ca627d41f7f4e93f,random
s2:ca5b7e928e08bfb07b46cc65e959184ec67e79a2,random
openalex:W7169662238,random
arxiv:2608.14490,random
arxiv:2510.11290,random
s2_snowball:2811f80471ee7afb7fbd40393b601aa10376f734,random
s2_snowball:cd8802e70f95f8a4137019b29849b5a374367dd9,random
openalex:W7122833958,random
arxiv:2511.13118,random
s2_snowball:4721b71c114e9b2f12dd5f4bfb5fae4a3ca5e5ef,random
acl:lifan-etal-2026-cogito,random
arxiv:2605.11359,random
arxiv:2607.14890,random
s2:557bc484260d11b87ffcea21507c159120067bf2,random
arxiv:2410.00689,random
arxiv:2408.08927,random
acl:pandian-etal-2025-snap,random
acl:lin-etal-2026-mac,random
s2_snowball:92a3edabfaa77587c131f9eebb214bec9b95ea01,random
s2_snowball:6832af137249112d8bee5b16487ebc5887cb6962,random
s2_snowball:763bae4b855faf3f8ebbbc0dd8d6fd939c341062,random
github:laude-institute/headlong,random
arxiv:2605.09539,random
arxiv:2412.02776,random
github:geek-fun/dockit,random
arxiv:2604.04226,random
arxiv:2410.12376,random
s2:bd998002160607cfb8d6fa5c8d6c0932ebb9b79e,random
arxiv:2506.14299,random
arxiv:2606.17454,random
s2_snowball:0dd74a7231c7134f7da02202cb7513993becf534,random
awesome:picrew:3d781d10f8fd,random
s2_snowball:71f596de55b90487e615ad08bd124ffeef42ff0e,random
s2_snowball:f8d237302ce8fdc6e6ae9664e5f2df9590602894,random
arxiv:2508.08761,random
s2:547a9ff5fc1dc03b83559a67dab886ba6eb586ca,random
openalex:W7154920586,random
arxiv:2403.03101,random
s2_snowball:90597a0d023b66996f6ba0f9f6b1ba4ed264cd60,random
s2:ad527124fde9aee04718cf058e5593741c1bf473,random
arxiv:2605.10057,random
s2_snowball:21b679c199cc9b4dd39b89e2dfd7c15645fd7899,random
arxiv:2607.06195,random
s2:84c252115db6918553177f891525e06ed24ce727,random
s2_snowball:de09da5551d04a7e3643178b8a88b724414d5f3e,random
s2_snowball:d997c4492f6470ca8de313d20a1cb5aaae45a6b2,random
s2:baaebc8187d8660d5a03de9545c1338a23c5893b,random
openalex:W7169715870,random
arxiv:2506.11060,random
arxiv:2411.00188,random
s2_snowball:99563c273b95c0a06125ccea8e74f4c50984d48a,random
openalex:W7162802249,random
openreview:bGtmGTbmaz,random
s2_snowball:bd685d88d79a24126e21957625006d39e6e492c4,random
s2_snowball:b350854918208ed491e524416caa6aae9c440659,random
openalex:W7166258912,random
acl:tewari-etal-2026-trust,random
s2_snowball:35a0e1bc7a84d9afc0e926e3813e40f8cb82adc3,random
openalex:W7164835136,random
github:EvoScientist/EvoScientist,random
arxiv:2604.07681,random
acl:he-etal-2025-eccc,random
arxiv:2410.21286,random
openalex:W7161303976,random
openalex:W7117251002,random
s2_snowball:35b3b65104bcf5e3735c84d26e47f1c723b08111,random
s2_snowball:cdc8378512441140a6b2c471f36c9306e9c2135e,random
arxiv:2407.14402,random
arxiv:2604.12198,random
arxiv:2607.08010,random
arxiv:2501.00906,random
s2:726c2e579214b543be28fdd3c5f2d98aa7ea03e6,random
arxiv:2602.07491,random
arxiv:2601.00994,random
grey:magentic-one,random
arxiv:2508.20816,random
arxiv:2504.09855,random
arxiv:2607.06906,random
arxiv:2608.17694,random
s2_snowball:f2cf75b5bb94591174a11671c77f37beac035b8a,random
openreview:uO3gGxzu8k,random
s2_snowball:6a28a2c2282c23e173cb3feefea27566eb2c6377,random
arxiv:2404.09077,random
s2:54f4a449aa8b4c22ad6eebd40c67541b2f7e1806,random
s2:08cb00d8291409bfc4616fdf19b1ef8a28694f10,random
arxiv:2608.23611,random
arxiv:2603.28488,random
arxiv:2504.08113,random
arxiv:2605.01562,random
s2:2bc3eb1113da7e50a54223e3479bac62c3aa1aca,random
openalex:W7212420407,random
awesome:picrew:c4cecc5fb561,random
s2:d95621c4e44520bd5b78f924e628336b70cd23ab,random
s2_snowball:5d158be554d698151e9606969bdbb419d54fa762,random
openreview:lNRgWoGfYg,random
arxiv:2608.25661,random
s2_snowball:2f2f61e4f8732f20fc5c91f605b92369f7b2e7da,random
arxiv:2602.21351,random
s2_snowball:ecfff30e570498b6c87c5d1319a0cbcdf7a8b86d,random
arxiv:2608.01369,random
github:algorithmicsuperintelligence/openevolve,random
s2_snowball:d4104cc9ae05ee7f0238c1ab49ba4f0778206872,random
arxiv:2412.14212,random
openalex:W7172021891,random
openalex:W7133486658,random
s2_snowball:6e9e50d30928b7b86dfbcaf7c6d50bb2f1a960ea,random
arxiv:2508.05702,random
arxiv:2607.27733,random
arxiv:2603.00686,random
leaderboard:osworld:aworldguiagent-v1,random
arxiv:2608.10504,random
openalex:W7168136555,random
arxiv:2506.05010,random
