record_id,source,reason,urls_tried,attempted_at
s2:4300b808bd7cd1ea81556334065eb7d6981af365,s2,HTTP 403,https://api.openalex.org/works/doi:10.14778/3685800.3685816 [OpenAlex: oa_pdfs=0 arXiv=- doi=10.14778/3685800.3685816] | https://api.semanticscholar.org/graph/v1/paper/DOI:10.14778/3685800.3685816 [S2: arXiv=- DOI=10.14778/3685800.3685816 oa_pdf=-] | https://api.openalex.org/works/doi:10.14778/3685800.3685838 [OpenAlex: oa_pdfs=0 arXiv=- doi=10.14778/3685800.3685838] | https://api.semanticscholar.org/graph/v1/paper/DOI:10.14778/3685800.3685838 [S2: arXiv=- DOI=10.14778/3685800.3685838 oa_pdf=-] | https://doi.org/10.14778/3685800.3685816 [HTTP 403] | https://doi.org/10.14778/3685800.3685838 [HTTP 403],2026-09-18T18:59:51Z
s2:fcd00c26d1cab894e30c46119822c302547b395d,s2,HTTP 202,https://api.openalex.org/works/doi:10.1109/iccc68654.2025.11437615 [OpenAlex: oa_pdfs=0 arXiv=- doi=10.1109/iccc68654.2025.11437615] | https://api.semanticscholar.org/graph/v1/paper/DOI:10.1109/iccc68654.2025.11437615 [S2: arXiv=- DOI=10.1109/ICCC68654.2025.11437615 oa_pdf=-] | https://api.openalex.org/works/doi:10.1109/iccc68654.2025.11437910 [OpenAlex: oa_pdfs=0 arXiv=- doi=10.1109/iccc68654.2025.11437910] | https://api.semanticscholar.org/graph/v1/paper/DOI:10.1109/iccc68654.2025.11437910 [S2: arXiv=- DOI=10.1109/ICCC68654.2025.11437910 oa_pdf=-] | https://doi.org/10.1109/iccc68654.2025.11437615 [HTTP 202] | https://doi.org/10.1109/iccc68654.2025.11437910 [HTTP 202],2026-09-18T18:59:54Z
s2:5013b8077228389d9e3de8f8480221db311d4312,s2,HTTP 202,https://api.openalex.org/works/doi:10.1109/ijcnn60899.2024.10650172 [OpenAlex: oa_pdfs=0 arXiv=- doi=10.1109/ijcnn60899.2024.10650172] | https://api.semanticscholar.org/graph/v1/paper/DOI:10.1109/ijcnn60899.2024.10650172 [S2: arXiv=- DOI=10.1109/IJCNN60899.2024.10650172 oa_pdf=-] | https://api.openalex.org/works/doi:10.1109/ijcnn60899.2024.10650094 [OpenAlex: oa_pdfs=0 arXiv=- doi=10.1109/ijcnn60899.2024.10650094] | https://api.semanticscholar.org/graph/v1/paper/DOI:10.1109/ijcnn60899.2024.10650094 [S2: arXiv=- DOI=10.1109/IJCNN60899.2024.10650094 oa_pdf=-] | https://doi.org/10.1109/ijcnn60899.2024.10650172 [HTTP 202] | https://doi.org/10.1109/ijcnn60899.2024.10650094 [HTTP 202],2026-09-18T18:59:55Z
s2:65c4c036c1412ff24b02eec2434287e7c26f8b66,s2,HTTP 202,https://api.openalex.org/works/doi:10.1109/ihcit66787.2025.11199021 [OpenAlex: oa_pdfs=0 arXiv=- doi=10.1109/ihcit66787.2025.11199021] | https://api.semanticscholar.org/graph/v1/paper/DOI:10.1109/ihcit66787.2025.11199021 [S2: arXiv=- DOI=10.1109/IHCIT66787.2025.11199021 oa_pdf=-] | https://api.openalex.org/works/doi:10.1109/ihcit66787.2025.11198926 [OpenAlex: oa_pdfs=0 arXiv=- doi=10.1109/ihcit66787.2025.11198926] | https://api.semanticscholar.org/graph/v1/paper/DOI:10.1109/ihcit66787.2025.11198926 [S2: arXiv=- DOI=10.1109/IHCIT66787.2025.11198926 oa_pdf=-] | https://doi.org/10.1109/ihcit66787.2025.11199021 [HTTP 202] | https://doi.org/10.1109/ihcit66787.2025.11198926 [HTTP 202],2026-09-18T18:59:57Z
s2:7ef32f59d536dd816effce7ea088205df83996dd,s2,HTTP 202,https://api.openalex.org/works/doi:10.1109/iciibms62405.2024.10792847 [OpenAlex: oa_pdfs=0 arXiv=- doi=10.1109/iciibms62405.2024.10792847] | https://api.semanticscholar.org/graph/v1/paper/DOI:10.1109/iciibms62405.2024.10792847 [S2: arXiv=- DOI=10.1109/ICIIBMS62405.2024.10792847 oa_pdf=-] | https://api.openalex.org/works/doi:10.1109/iciibms62405.2024.10792720 [OpenAlex: oa_pdfs=0 arXiv=- doi=10.1109/iciibms62405.2024.10792720] | https://api.semanticscholar.org/graph/v1/paper/DOI:10.1109/iciibms62405.2024.10792720 [S2: arXiv=- DOI=10.1109/ICIIBMS62405.2024.10792720 oa_pdf=-] | https://doi.org/10.1109/iciibms62405.2024.10792847 [HTTP 202] | https://doi.org/10.1109/iciibms62405.2024.10792720 [HTTP 202],2026-09-18T18:59:57Z
s2:d2664cac527dc27dbaeeec53bd2136d8b752dfec,s2,HTTP 202,https://api.openalex.org/works/doi:10.1109/delcon68055.2025.11400330 [OpenAlex: oa_pdfs=0 arXiv=- doi=10.1109/delcon68055.2025.11400330] | https://api.semanticscholar.org/graph/v1/paper/DOI:10.1109/delcon68055.2025.11400330 [S2: arXiv=- DOI=10.1109/DELCON68055.2025.11400330 oa_pdf=-] | https://api.openalex.org/works/doi:10.1109/delcon68055.2025.11400282 [OpenAlex: oa_pdfs=0 arXiv=- doi=10.1109/delcon68055.2025.11400282] | https://api.semanticscholar.org/graph/v1/paper/DOI:10.1109/delcon68055.2025.11400282 [S2: arXiv=- DOI=10.1109/DELCON68055.2025.11400282 oa_pdf=-] | https://doi.org/10.1109/delcon68055.2025.11400330 [HTTP 202] | https://doi.org/10.1109/delcon68055.2025.11400282 [HTTP 202],2026-09-18T18:59:59Z
s2:58b4fac9b871f93e9072fa71cb2bbeed716611e4,s2,HTTP 202,https://api.openalex.org/works/doi:10.1109/smc58881.2025.11342454 [OpenAlex: oa_pdfs=0 arXiv=- doi=10.1109/smc58881.2025.11342454] | https://api.semanticscholar.org/graph/v1/paper/DOI:10.1109/smc58881.2025.11342454 [S2: arXiv=- DOI=10.1109/SMC58881.2025.11342454 oa_pdf=-] | https://api.openalex.org/works/doi:10.1109/smc58881.2025.11342652 [OpenAlex: oa_pdfs=0 arXiv=- doi=10.1109/smc58881.2025.11342652] | https://api.semanticscholar.org/graph/v1/paper/DOI:10.1109/smc58881.2025.11342652 [S2: arXiv=- DOI=10.1109/SMC58881.2025.11342652 oa_pdf=-] | https://doi.org/10.1109/smc58881.2025.11342454 [HTTP 202] | https://doi.org/10.1109/smc58881.2025.11342652 [HTTP 202],2026-09-18T19:00:02Z
s2:5fd47f3c351347de692aa41262acd331635f5879,s2,HTTP 202,https://api.openalex.org/works/doi:10.1109/icca66035.2025.11430791 [OpenAlex: oa_pdfs=0 arXiv=- doi=10.1109/icca66035.2025.11430791] | https://api.semanticscholar.org/graph/v1/paper/DOI:10.1109/icca66035.2025.11430791 [S2: arXiv=- DOI=10.1109/ICCA66035.2025.11430791 oa_pdf=-] | https://api.openalex.org/works/doi:10.1109/icca66035.2025.11431026 [OpenAlex: oa_pdfs=0 arXiv=- doi=10.1109/icca66035.2025.11431026] | https://api.semanticscholar.org/graph/v1/paper/DOI:10.1109/icca66035.2025.11431026 [S2: arXiv=- DOI=10.1109/ICCA66035.2025.11431026 oa_pdf=-] | https://doi.org/10.1109/icca66035.2025.11430791 [HTTP 202] | https://doi.org/10.1109/icca66035.2025.11431026 [HTTP 202],2026-09-18T19:00:05Z
s2:6ad686530fbd9bb1a30fae1fd068dfad0f503917,s2,HTTP 202,https://api.openalex.org/works/doi:10.1109/milcom64451.2025.11310039 [OpenAlex: oa_pdfs=0 arXiv=- doi=10.1109/milcom64451.2025.11310039] | https://api.semanticscholar.org/graph/v1/paper/DOI:10.1109/milcom64451.2025.11310039 [S2: arXiv=- DOI=10.1109/MILCOM64451.2025.11310039 oa_pdf=-] | https://api.openalex.org/works/doi:10.1109/milcom64451.2025.11310253 [OpenAlex: oa_pdfs=0 arXiv=- doi=10.1109/milcom64451.2025.11310253] | https://api.semanticscholar.org/graph/v1/paper/DOI:10.1109/milcom64451.2025.11310253 [S2: arXiv=- DOI=10.1109/MILCOM64451.2025.11310253 oa_pdf=-] | https://doi.org/10.1109/milcom64451.2025.11310039 [HTTP 202] | https://doi.org/10.1109/milcom64451.2025.11310253 [HTTP 202],2026-09-18T19:00:07Z
s2:7b1579f7cfbf0dea0a2937b4a4c7991d6164c625,s2,HTTP 403,https://api.openalex.org/works/doi:10.1080/20964471.2025.2483541 [OpenAlex: oa_pdfs=0 arXiv=- doi=10.1080/20964471.2025.2483541] | https://api.semanticscholar.org/graph/v1/paper/DOI:10.1080/20964471.2025.2483541 [S2: arXiv=- DOI=10.1080/20964471.2025.2483541 oa_pdf=https://doi.org/10.1080/20964471.2025.2483541] | https://doi.org/10.1080/20964471.2025.2483541 [HTTP 403] | https://api.openalex.org/works/doi:10.1080/20964471.2025.2521157 [OpenAlex: oa_pdfs=0 arXiv=- doi=10.1080/20964471.2025.2521157] | https://api.semanticscholar.org/graph/v1/paper/DOI:10.1080/20964471.2025.2521157 [S2: arXiv=- DOI=10.1080/20964471.2025.2521157 oa_pdf=https://doi.org/10.1080/20964471.2025.2521157] | https://doi.org/10.1080/20964471.2025.2521157 [HTTP 403],2026-09-18T19:00:10Z
s2:4393ea676d11dbcfa34766a35696da76a60ef740,s2,HTTP 202,https://api.openalex.org/works/doi:10.1109/isc266238.2025.11293337 [OpenAlex: oa_pdfs=0 arXiv=- doi=10.1109/isc266238.2025.11293337] | https://api.semanticscholar.org/graph/v1/paper/DOI:10.1109/isc266238.2025.11293337 [S2: arXiv=- DOI=10.1109/ISC266238.2025.11293337 oa_pdf=-] | https://api.openalex.org/works/doi:10.1109/isc266238.2025.11293344 [OpenAlex: oa_pdfs=0 arXiv=- doi=10.1109/isc266238.2025.11293344] | https://api.semanticscholar.org/graph/v1/paper/DOI:10.1109/isc266238.2025.11293344 [S2: arXiv=- DOI=10.1109/ISC266238.2025.11293344 oa_pdf=-] | https://doi.org/10.1109/isc266238.2025.11293337 [HTTP 202] | https://doi.org/10.1109/isc266238.2025.11293344 [HTTP 202],2026-09-18T19:00:13Z
s2:56868e0c091c9f36dd98bc32c1ecea977192fd01,s2,HTTP 202,https://api.openalex.org/works/doi:10.1109/netsoft64993.2025.11080632 [OpenAlex: oa_pdfs=0 arXiv=- doi=10.1109/netsoft64993.2025.11080632] | https://api.semanticscholar.org/graph/v1/paper/DOI:10.1109/netsoft64993.2025.11080632 [S2: arXiv=- DOI=10.1109/netsoft64993.2025.11080632 oa_pdf=-] | https://api.openalex.org/works/doi:10.1109/netsoft64993.2025.11080605 [OpenAlex: oa_pdfs=0 arXiv=- doi=10.1109/netsoft64993.2025.11080605] | https://api.semanticscholar.org/graph/v1/paper/DOI:10.1109/netsoft64993.2025.11080605 [S2: arXiv=- DOI=10.1109/NetSoft64993.2025.11080605 oa_pdf=-] | https://doi.org/10.1109/netsoft64993.2025.11080632 [HTTP 202] | https://doi.org/10.1109/netsoft64993.2025.11080605 [HTTP 202],2026-09-18T19:00:16Z
s2:479e54f2316019c039678086601a9eb6ff91dd28,s2,HTTP 202,https://api.openalex.org/works/doi:10.1109/bigdata66926.2025.11400819 [OpenAlex: oa_pdfs=0 arXiv=- doi=10.1109/bigdata66926.2025.11400819] | https://api.semanticscholar.org/graph/v1/paper/DOI:10.1109/bigdata66926.2025.11400819 [S2: arXiv=- DOI=10.1109/BigData66926.2025.11400819 oa_pdf=-] | https://api.openalex.org/works/doi:10.1109/bigdata66926.2025.11400904 [OpenAlex: oa_pdfs=0 arXiv=- doi=10.1109/bigdata66926.2025.11400904] | https://api.semanticscholar.org/graph/v1/paper/DOI:10.1109/bigdata66926.2025.11400904 [S2: arXiv=- DOI=10.1109/bigdata66926.2025.11400904 oa_pdf=-] | https://doi.org/10.1109/bigdata66926.2025.11400819 [HTTP 202] | https://doi.org/10.1109/bigdata66926.2025.11400904 [HTTP 202],2026-09-18T19:00:20Z
s2:6c9f825f1385f6d6d52312a007497e6e40fdf8be,s2,HTTP 202,https://api.openalex.org/works/doi:10.1109/aiccsa66935.2025.11315208 [OpenAlex: oa_pdfs=0 arXiv=- doi=10.1109/aiccsa66935.2025.11315208] | https://api.semanticscholar.org/graph/v1/paper/DOI:10.1109/aiccsa66935.2025.11315208 [S2: arXiv=- DOI=10.1109/AICCSA66935.2025.11315208 oa_pdf=-] | https://api.openalex.org/works/doi:10.1109/aiccsa66935.2025.11315316 [OpenAlex: oa_pdfs=0 arXiv=- doi=10.1109/aiccsa66935.2025.11315316] | https://api.semanticscholar.org/graph/v1/paper/DOI:10.1109/aiccsa66935.2025.11315316 [S2: arXiv=- DOI=10.1109/AICCSA66935.2025.11315316 oa_pdf=-] | https://doi.org/10.1109/aiccsa66935.2025.11315208 [HTTP 202] | https://doi.org/10.1109/aiccsa66935.2025.11315316 [HTTP 202],2026-09-18T19:00:22Z
s2:812f347a936dbba9ae2d7d9c4003b9fdc7886490,s2,HTTP 202,https://api.openalex.org/works/doi:10.1109/tencon66050.2025.11375163 [OpenAlex: oa_pdfs=0 arXiv=- doi=10.1109/tencon66050.2025.11375163] | https://api.semanticscholar.org/graph/v1/paper/DOI:10.1109/tencon66050.2025.11375163 [S2: arXiv=- DOI=10.1109/TENCON66050.2025.11375163 oa_pdf=-] | https://api.openalex.org/works/doi:10.1109/tencon66050.2025.11374943 [OpenAlex: oa_pdfs=0 arXiv=- doi=10.1109/tencon66050.2025.11374943] | https://api.semanticscholar.org/graph/v1/paper/DOI:10.1109/tencon66050.2025.11374943 [S2: arXiv=- DOI=10.1109/TENCON66050.2025.11374943 oa_pdf=-] | https://doi.org/10.1109/tencon66050.2025.11375163 [HTTP 202] | https://doi.org/10.1109/tencon66050.2025.11374943 [HTTP 202],2026-09-18T19:00:25Z
s2:36c722f4a8d67d7d411a6544975293e7cf0c5149,s2,HTTP 403,https://api.openalex.org/works/doi:10.1145/3804601.3804614 [OpenAlex: oa_pdfs=0 arXiv=- doi=10.1145/3804601.3804614] | https://api.semanticscholar.org/graph/v1/paper/DOI:10.1145/3804601.3804614 [S2: arXiv=- DOI=10.1145/3804601.3804614 oa_pdf=https://doi.org/10.1145/3804601.3804614] | https://doi.org/10.1145/3804601.3804614 [HTTP 403] | https://api.openalex.org/works/doi:10.1145/3804601.3804659 [OpenAlex: oa_pdfs=0 arXiv=- doi=10.1145/3804601.3804659] | https://api.semanticscholar.org/graph/v1/paper/DOI:10.1145/3804601.3804659 [S2: arXiv=- DOI=10.1145/3804601.3804659 oa_pdf=https://doi.org/10.1145/3804601.3804659] | https://doi.org/10.1145/3804601.3804659 [HTTP 403],2026-09-18T19:00:27Z
s2:c8a10363246f199d52bcbc91e2baee4f09fddf05,s2,HTTP 202,https://api.openalex.org/works/doi:10.1109/bibm66473.2025.11356848 [OpenAlex: oa_pdfs=0 arXiv=- doi=10.1109/bibm66473.2025.11356848] | https://api.semanticscholar.org/graph/v1/paper/DOI:10.1109/bibm66473.2025.11356848 [S2: arXiv=- DOI=10.1109/BIBM66473.2025.11356848 oa_pdf=-] | https://api.openalex.org/works/doi:10.1109/bibm66473.2025.11356944 [OpenAlex: oa_pdfs=0 arXiv=- doi=10.1109/bibm66473.2025.11356944] | https://api.semanticscholar.org/graph/v1/paper/DOI:10.1109/bibm66473.2025.11356944 [S2: arXiv=- DOI=10.1109/BIBM66473.2025.11356944 oa_pdf=-] | https://doi.org/10.1109/bibm66473.2025.11356848 [HTTP 202] | https://doi.org/10.1109/bibm66473.2025.11356944 [HTTP 202],2026-09-18T19:00:28Z
s2:ea8c42912a081b90db409e4565079c62afa4caf9,s2,HTTP 202,https://api.openalex.org/works/doi:10.1109/ie69249.2026.11538982 [OpenAlex: oa_pdfs=0 arXiv=- doi=10.1109/ie69249.2026.11538982] | https://api.semanticscholar.org/graph/v1/paper/DOI:10.1109/ie69249.2026.11538982 [S2: arXiv=- DOI=10.1109/IE69249.2026.11538982 oa_pdf=-] | https://api.openalex.org/works/doi:10.1109/ie69249.2026.11539033 [OpenAlex: oa_pdfs=0 arXiv=- doi=10.1109/ie69249.2026.11539033] | https://api.semanticscholar.org/graph/v1/paper/DOI:10.1109/ie69249.2026.11539033 [S2: arXiv=- DOI=10.1109/IE69249.2026.11539033 oa_pdf=-] | https://doi.org/10.1109/ie69249.2026.11538982 [HTTP 202] | https://doi.org/10.1109/ie69249.2026.11539033 [HTTP 202],2026-09-18T19:00:30Z
s2:878db9be69099773aa7bb919d89561f31127cf3f,s2,HTTP 202,https://api.openalex.org/works/doi:10.1109/ichora69329.2026.11537140 [OpenAlex: oa_pdfs=0 arXiv=- doi=10.1109/ichora69329.2026.11537140] | https://api.semanticscholar.org/graph/v1/paper/DOI:10.1109/ichora69329.2026.11537140 [S2: arXiv=- DOI=10.1109/ICHORA69329.2026.11537140 oa_pdf=-] | https://api.openalex.org/works/doi:10.1109/ichora69329.2026.11537001 [OpenAlex: oa_pdfs=0 arXiv=- doi=10.1109/ichora69329.2026.11537001] | https://api.semanticscholar.org/graph/v1/paper/DOI:10.1109/ichora69329.2026.11537001 [S2: arXiv=- DOI=10.1109/ICHORA69329.2026.11537001 oa_pdf=-] | https://doi.org/10.1109/ichora69329.2026.11537140 [HTTP 202] | https://doi.org/10.1109/ichora69329.2026.11537001 [HTTP 202],2026-09-18T19:00:34Z
s2:b824d3133b0cd898baf4d6232bae0bd67da11cb1,s2,not a PDF (text/html; charset=UTF-8),https://api.openalex.org/works/doi:10.51583/ijltemas.2026.150500172 [OpenAlex: oa_pdfs=0 arXiv=- doi=10.51583/ijltemas.2026.150500172] | https://api.semanticscholar.org/graph/v1/paper/DOI:10.51583/ijltemas.2026.150500172 [S2: arXiv=- DOI=10.51583/ijltemas.2026.150500172 oa_pdf=https://doi.org/10.51583/ijltemas.2026.150500172] | https://doi.org/10.51583/ijltemas.2026.150500172 [not a PDF (text/html; charset=UTF-8)] | https://api.openalex.org/works/doi:10.51583/ijltemas.2026.150500114 [OpenAlex: oa_pdfs=0 arXiv=- doi=10.51583/ijltemas.2026.150500114] | https://api.semanticscholar.org/graph/v1/paper/DOI:10.51583/ijltemas.2026.150500114 [S2: arXiv=- DOI=10.51583/ijltemas.2026.150500114 oa_pdf=https://doi.org/10.51583/ijltemas.2026.150500114] | https://doi.org/10.51583/ijltemas.2026.150500114 [not a PDF (text/html; charset=UTF-8)],2026-09-18T19:00:36Z
s2:cbfaa234828ff15214e5462ccd0f3746f70a9162,s2,HTTP 403,https://api.openalex.org/works/doi:10.1145/3770855.3818266 [OpenAlex: oa_pdfs=0 arXiv=- doi=10.1145/3770855.3818266] | https://api.semanticscholar.org/graph/v1/paper/DOI:10.1145/3770855.3818266 [S2: arXiv=- DOI=10.1145/3770855.3818266 oa_pdf=https://doi.org/10.1145/3770855.3818266] | https://doi.org/10.1145/3770855.3818266 [HTTP 403] | https://api.openalex.org/works/doi:10.1145/3711896.3737871 [OpenAlex: oa_pdfs=1 arXiv=- doi=10.1145/3711896.3737871] | https://dl.acm.org/doi/pdf/10.1145/3711896.3737871 [HTTP 403] | https://api.semanticscholar.org/graph/v1/paper/DOI:10.1145/3711896.3737871 [S2: arXiv=- DOI=10.1145/3711896.3737871 oa_pdf=https://dl.acm.org/doi/pdf/10.1145/3711896.3737871] | https://doi.org/10.1145/3711896.3737871 [HTTP 403],2026-09-18T19:00:37Z
s2:341883c91dabb788b32dae7d1bd6c6146d266b95,s2,HTTP 202,https://api.openalex.org/works/doi:10.1109/mlise70044.2026.11607496 [OpenAlex: oa_pdfs=0 arXiv=- doi=10.1109/mlise70044.2026.11607496] | https://api.semanticscholar.org/graph/v1/paper/DOI:10.1109/mlise70044.2026.11607496 [S2: arXiv=- DOI=10.1109/MLISE70044.2026.11607496 oa_pdf=-] | https://api.openalex.org/works/doi:10.1109/mlise70044.2026.11607636 [OpenAlex: oa_pdfs=0 arXiv=- doi=10.1109/mlise70044.2026.11607636] | https://api.semanticscholar.org/graph/v1/paper/DOI:10.1109/mlise70044.2026.11607636 [S2: arXiv=- DOI=10.1109/MLISE70044.2026.11607636 oa_pdf=-] | https://doi.org/10.1109/mlise70044.2026.11607496 [HTTP 202] | https://doi.org/10.1109/mlise70044.2026.11607636 [HTTP 202],2026-09-18T19:00:38Z
s2:5f010a2583201f6c541f5b906f37574d58ef933e,s2,HTTP 202,https://api.openalex.org/works/doi:10.1109/southeastcon63549.2026.11475963 [OpenAlex: oa_pdfs=0 arXiv=- doi=10.1109/southeastcon63549.2026.11475963] | https://api.semanticscholar.org/graph/v1/paper/DOI:10.1109/southeastcon63549.2026.11475963 [S2: arXiv=- DOI=10.1109/SoutheastCon63549.2026.11475963 oa_pdf=-] | https://doi.org/10.1109/southeastcon63549.2026.11475963 [HTTP 202],2026-09-18T19:00:40Z
s2:c848c7edfaaa0a00d90e339d7fe15dc09f7f626b,s2,HTTP 202,https://api.openalex.org/works/doi:10.23919/date69613.2026.11539180 [OpenAlex: oa_pdfs=0 arXiv=- doi=10.23919/date69613.2026.11539180] | https://api.semanticscholar.org/graph/v1/paper/DOI:10.23919/date69613.2026.11539180 [S2: arXiv=- DOI=10.23919/DATE69613.2026.11539180 oa_pdf=-] | https://api.openalex.org/works/doi:10.23919/date69613.2026.11539468 [OpenAlex: oa_pdfs=0 arXiv=- doi=10.23919/date69613.2026.11539468] | https://api.semanticscholar.org/graph/v1/paper/DOI:10.23919/date69613.2026.11539468 [S2: arXiv=- DOI=10.23919/DATE69613.2026.11539468 oa_pdf=-] | https://doi.org/10.23919/date69613.2026.11539180 [HTTP 202] | https://doi.org/10.23919/date69613.2026.11539468 [HTTP 202],2026-09-18T19:00:42Z
s2:0ba5800fa369104a8bdfa53502a7aef0880d3eae,s2,HTTP 202,https://api.openalex.org/works/doi:10.1109/icsc67292.2026.00043 [OpenAlex: oa_pdfs=0 arXiv=- doi=10.1109/icsc67292.2026.00043] | https://api.semanticscholar.org/graph/v1/paper/DOI:10.1109/icsc67292.2026.00043 [S2: arXiv=- DOI=10.1109/ICSC67292.2026.00043 oa_pdf=-] | https://api.openalex.org/works/doi:10.1109/icsc67292.2026.00048 [OpenAlex: oa_pdfs=0 arXiv=- doi=10.1109/icsc67292.2026.00048] | https://api.semanticscholar.org/graph/v1/paper/DOI:10.1109/icsc67292.2026.00048 [S2: arXiv=- DOI=10.1109/ICSC67292.2026.00048 oa_pdf=-] | https://doi.org/10.1109/icsc67292.2026.00043 [HTTP 202] | https://doi.org/10.1109/icsc67292.2026.00048 [HTTP 202],2026-09-18T19:00:44Z
openalex:W7203465692,openalex,page text too short (0 chars),https://api.openalex.org/works/doi:10.1016/j.autcon.2026.107203 [OpenAlex: oa_pdfs=0 arXiv=- doi=10.1016/j.autcon.2026.107203] | https://api.semanticscholar.org/graph/v1/paper/DOI:10.1016/j.autcon.2026.107203 [S2: arXiv=- DOI=10.1016/j.autcon.2026.107203 oa_pdf=-] | https://api.openalex.org/works/doi:10.1016/j.conengprac.2026.107208 [OpenAlex: oa_pdfs=0 arXiv=- doi=10.1016/j.conengprac.2026.107208] | https://api.semanticscholar.org/graph/v1/paper/DOI:10.1016/j.conengprac.2026.107208 [S2: arXiv=- DOI=10.1016/j.conengprac.2026.107208 oa_pdf=-] | https://doi.org/10.1016/j.autcon.2026.107203 [page text too short (0 chars)] | https://doi.org/10.1016/j.conengprac.2026.107208 [page text too short (0 chars)],2026-09-18T19:00:48Z
s2:c60352300342a7365f80b9c7a095e3041ccd33fb,s2,HTTP 202,https://api.openalex.org/works/doi:10.1109/icsp69961.2026.11540577 [OpenAlex: oa_pdfs=0 arXiv=- doi=10.1109/icsp69961.2026.11540577] | https://api.semanticscholar.org/graph/v1/paper/DOI:10.1109/icsp69961.2026.11540577 [S2: arXiv=- DOI=10.1109/ICSP69961.2026.11540577 oa_pdf=-] | https://api.openalex.org/works/doi:10.1109/icsp69961.2026.11540917 [OpenAlex: oa_pdfs=0 arXiv=- doi=10.1109/icsp69961.2026.11540917] | https://api.semanticscholar.org/graph/v1/paper/DOI:10.1109/icsp69961.2026.11540917 [S2: arXiv=- DOI=10.1109/ICSP69961.2026.11540917 oa_pdf=-] | https://doi.org/10.1109/icsp69961.2026.11540577 [HTTP 202] | https://doi.org/10.1109/icsp69961.2026.11540917 [HTTP 202],2026-09-18T19:00:50Z
s2:e3d459d85253b1a606a236c96aa94a517b850afc,s2,HTTP 202,https://api.openalex.org/works/doi:10.1109/icdsaai69492.2026.11505208 [OpenAlex: oa_pdfs=0 arXiv=- doi=10.1109/icdsaai69492.2026.11505208] | https://api.semanticscholar.org/graph/v1/paper/DOI:10.1109/icdsaai69492.2026.11505208 [S2: arXiv=- DOI=10.1109/ICDSAAI69492.2026.11505208 oa_pdf=-] | https://api.openalex.org/works/doi:10.1109/icdsaai69492.2026.11505194 [OpenAlex: oa_pdfs=0 arXiv=- doi=10.1109/icdsaai69492.2026.11505194] | https://api.semanticscholar.org/graph/v1/paper/DOI:10.1109/icdsaai69492.2026.11505194 [S2: arXiv=- DOI=10.1109/ICDSAAI69492.2026.11505194 oa_pdf=-] | https://doi.org/10.1109/icdsaai69492.2026.11505208 [HTTP 202] | https://doi.org/10.1109/icdsaai69492.2026.11505194 [HTTP 202],2026-09-18T19:00:52Z
s2:03f6a27b335f0449ca9ec6c2bc572b46267640a0,s2,HTTP 202,https://api.openalex.org/works/doi:10.1109/smartindustrycon68821.2026.11493004 [OpenAlex: oa_pdfs=0 arXiv=- doi=10.1109/smartindustrycon68821.2026.11493004] | https://api.semanticscholar.org/graph/v1/paper/DOI:10.1109/smartindustrycon68821.2026.11493004 [S2: arXiv=- DOI=10.1109/SmartIndustryCon68821.2026.11493004 oa_pdf=-] | https://api.openalex.org/works/doi:10.1109/smartindustrycon68821.2026.11493110 [OpenAlex: oa_pdfs=0 arXiv=- doi=10.1109/smartindustrycon68821.2026.11493110] | https://api.semanticscholar.org/graph/v1/paper/DOI:10.1109/smartindustrycon68821.2026.11493110 [S2: arXiv=- DOI=10.1109/SmartIndustryCon68821.2026.11493110 oa_pdf=-] | https://doi.org/10.1109/smartindustrycon68821.2026.11493004 [HTTP 202] | https://doi.org/10.1109/smartindustrycon68821.2026.11493110 [HTTP 202],2026-09-18T19:00:56Z
openalex:W7121051508,openalex,HTTP 403,https://api.openalex.org/works/doi:10.1093/af/vfaf060 [OpenAlex: oa_pdfs=0 arXiv=- doi=10.1093/af/vfaf060] | https://api.semanticscholar.org/graph/v1/paper/DOI:10.1093/af/vfaf060 [S2: arXiv=- DOI=10.1093/af/vfaf060 oa_pdf=https://doi.org/10.1093/af/vfaf060] | https://doi.org/10.1093/af/vfaf060 [HTTP 403] | https://api.openalex.org/works/doi:10.1093/af/vfaf058 [OpenAlex: oa_pdfs=0 arXiv=- doi=10.1093/af/vfaf058] | https://api.semanticscholar.org/graph/v1/paper/DOI:10.1093/af/vfaf058 [S2: arXiv=- DOI=10.1093/af/vfaf058 oa_pdf=https://doi.org/10.1093/af/vfaf058] | https://doi.org/10.1093/af/vfaf058 [HTTP 403],2026-09-18T19:00:58Z
openalex:W7164075372,openalex,HTTP 403,https://api.openalex.org/works/doi:10.1051/e3sconf/202671606003 [OpenAlex: oa_pdfs=1 arXiv=- doi=10.1051/e3sconf/202671606003] | https://www.e3s-conferences.org/articles/e3sconf/pdf/2026/34/e3sconf_iaqvec2026_06003.pdf [HTTP 403] | https://api.semanticscholar.org/graph/v1/paper/DOI:10.1051/e3sconf/202671606003 [S2: arXiv=- DOI=10.1051/e3sconf/202671606003 oa_pdf=https://www.e3s-conferences.org/articles/e3sconf/pdf/2026/34/e3sconf_iaqvec2026_06003.pdf] | https://api.openalex.org/works/doi:10.1051/e3sconf/202671606010 [OpenAlex: oa_pdfs=1 arXiv=- doi=10.1051/e3sconf/202671606010] | https://www.e3s-conferences.org/articles/e3sconf/pdf/2026/34/e3sconf_iaqvec2026_06010.pdf [HTTP 403] | https://api.semanticscholar.org/graph/v1/paper/DOI:10.1051/e3sconf/202671606010 [S2: arXiv=- DOI=10.1051/e3sconf/202671606010 oa_pdf=https://www.e3s-conferences.org/articles/e3sconf/pdf/2026/34/e3sconf_iaqvec2026_06010.pdf] | https://doi.org/10.1051/e3sconf/202671606003 [HTTP 403] | https://doi.org/10.1051/e3sconf/202671606010 [HTTP 403],2026-09-18T19:01:01Z
s2:21e45f760e4f375bf0d68e41a4a9b71c46594b62,s2,HTTP 202,https://api.openalex.org/works/doi:10.1109/icaiset66439.2026.11541707 [OpenAlex: oa_pdfs=0 arXiv=- doi=10.1109/icaiset66439.2026.11541707] | https://api.semanticscholar.org/graph/v1/paper/DOI:10.1109/icaiset66439.2026.11541707 [S2: arXiv=- DOI=10.1109/ICAISET66439.2026.11541707 oa_pdf=-] | https://api.openalex.org/works/doi:10.1109/icaiset66439.2026.11541520 [OpenAlex: oa_pdfs=0 arXiv=- doi=10.1109/icaiset66439.2026.11541520] | https://api.semanticscholar.org/graph/v1/paper/DOI:10.1109/icaiset66439.2026.11541520 [S2: arXiv=- DOI=10.1109/ICAISET66439.2026.11541520 oa_pdf=-] | https://doi.org/10.1109/icaiset66439.2026.11541707 [HTTP 202] | https://doi.org/10.1109/icaiset66439.2026.11541520 [HTTP 202],2026-09-18T19:01:03Z
s2:2dd3e32248e1c978af798a3d0989ef5c301ab01a,s2,HTTP 202,https://api.openalex.org/works/doi:10.1109/icamac67779.2025.11398733 [OpenAlex: oa_pdfs=0 arXiv=- doi=10.1109/icamac67779.2025.11398733] | https://api.semanticscholar.org/graph/v1/paper/DOI:10.1109/icamac67779.2025.11398733 [S2: arXiv=- DOI=10.1109/ICAMAC67779.2025.11398733 oa_pdf=-] | https://doi.org/10.1109/icamac67779.2025.11398733 [HTTP 202],2026-09-18T19:01:05Z
s2:ee81ef01d67b811073fe765a50ee08ca7b497f87,s2,HTTP 403,https://api.openalex.org/works/doi:10.3390/app15137237 [OpenAlex: oa_pdfs=1 arXiv=- doi=10.3390/app15137237] | https://www.mdpi.com/2076-3417/15/13/7237/pdf?version=1751245695 [HTTP 403] | https://api.semanticscholar.org/graph/v1/paper/DOI:10.3390/app15137237 [S2: arXiv=- DOI=10.3390/app15137237 oa_pdf=https://www.mdpi.com/2076-3417/15/13/7237/pdf?version=1751245695] | https://doi.org/10.3390/app15137237 [HTTP 403],2026-09-18T19:01:06Z
s2:1e0f75c9b80829113023d097fb374dc24eb22454,s2,HTTP 202,https://api.openalex.org/works/doi:10.1109/noms69089.2026.11668188 [OpenAlex: oa_pdfs=0 arXiv=- doi=10.1109/noms69089.2026.11668188] | https://api.semanticscholar.org/graph/v1/paper/DOI:10.1109/noms69089.2026.11668188 [S2: arXiv=- DOI=10.1109/NOMS69089.2026.11668188 oa_pdf=-] | https://doi.org/10.1109/noms69089.2026.11668188 [HTTP 202],2026-09-18T19:01:07Z
s2_snowball:10abc6dab354e09149ba4d52137d4a5a731cb0bc,s2_snowball,HTTP 202,https://api.openalex.org/works/doi:10.1109/ecmi68341.2026.11603005 [OpenAlex: oa_pdfs=0 arXiv=- doi=10.1109/ecmi68341.2026.11603005] | https://api.semanticscholar.org/graph/v1/paper/DOI:10.1109/ecmi68341.2026.11603005 [S2: arXiv=- DOI=10.1109/ECMI68341.2026.11603005 oa_pdf=-] | https://doi.org/10.1109/ecmi68341.2026.11603005 [HTTP 202],2026-09-18T19:01:09Z
openalex:W7155036054,openalex,HTTP 202,https://api.openalex.org/works/doi:10.1109/ojcoms.2026.3686199 [OpenAlex: oa_pdfs=0 arXiv=- doi=10.1109/ojcoms.2026.3686199] | https://api.semanticscholar.org/graph/v1/paper/DOI:10.1109/ojcoms.2026.3686199 [S2: arXiv=- DOI=10.1109/OJCOMS.2026.3686199 oa_pdf=https://doi.org/10.1109/ojcoms.2026.3686199] | https://doi.org/10.1109/ojcoms.2026.3686199 [HTTP 202],2026-09-18T19:01:11Z
openalex:W7171057576,openalex,HTTP 404; HTTP 410,https://api.openalex.org/works/doi:10.5281/zenodo.21543057 [OpenAlex: oa_pdfs=0 arXiv=- doi=10.5281/zenodo.21543057] | https://api.semanticscholar.org/graph/v1/paper/DOI:10.5281/zenodo.21543057 [HTTP 404] | https://doi.org/10.5281/zenodo.21543057 [HTTP 410],2026-09-18T19:01:11Z
s2_snowball:b6b04754a8f374a491a7614de95b8dde442b4fd9,s2_snowball,HTTP 202,https://api.openalex.org/works/doi:10.1109/areis62559.2024.10893677 [OpenAlex: oa_pdfs=0 arXiv=- doi=10.1109/areis62559.2024.10893677] | https://api.semanticscholar.org/graph/v1/paper/DOI:10.1109/areis62559.2024.10893677 [S2: arXiv=- DOI=10.1109/AREIS62559.2024.10893677 oa_pdf=-] | https://doi.org/10.1109/areis62559.2024.10893677 [HTTP 202],2026-09-18T19:01:12Z
s2_snowball:374f7ae10cf971ee24b147d13b594ce330a03c67,s2_snowball,HTTP 403,https://api.openalex.org/works/doi:10.1145/3725262 [OpenAlex: oa_pdfs=1 arXiv=- doi=10.1145/3725262] | https://dl.acm.org/doi/pdf/10.1145/3725262 [HTTP 403] | https://api.semanticscholar.org/graph/v1/paper/DOI:10.1145/3725262 [S2: arXiv=- DOI=10.1145/3725262 oa_pdf=https://dl.acm.org/doi/pdf/10.1145/3725262] | https://doi.org/10.1145/3725262 [HTTP 403],2026-09-18T19:01:14Z
s2:3e266c1668033cc71ad6ebf192987acacfe5e251,s2,not a PDF (text/html; charset=UTF-8); page text too short (360 chars),https://api.openalex.org/works/doi:10.1088/3049-477x/ae3c18 [OpenAlex: oa_pdfs=1 arXiv=- doi=10.1088/3049-477x/ae3c18] | https://iopscience.iop.org/article/10.1088/3049-477X/ae3c18/pdf [not a PDF (text/html; charset=UTF-8)] | https://api.semanticscholar.org/graph/v1/paper/DOI:10.1088/3049-477x/ae3c18 [S2: arXiv=- DOI=10.1088/3049-477X/ae3c18 oa_pdf=https://iopscience.iop.org/article/10.1088/3049-477X/ae3c18/pdf] | https://doi.org/10.1088/3049-477x/ae3c18 [page text too short (360 chars)],2026-09-18T19:01:16Z
s2:ece5259ac7f3552547d01a67025fbcc6bef7ae9c,s2,HTTP 403,https://api.openalex.org/works/doi:10.1145/3788853.3801582 [OpenAlex: oa_pdfs=0 arXiv=- doi=10.1145/3788853.3801582] | https://api.semanticscholar.org/graph/v1/paper/DOI:10.1145/3788853.3801582 [S2: arXiv=- DOI=10.1145/3788853.3801582 oa_pdf=https://doi.org/10.1145/3788853.3801582] | https://doi.org/10.1145/3788853.3801582 [HTTP 403],2026-09-18T19:01:17Z
s2:3f5e1757d41071e1a09425cc3676f6194fafa797,s2,HTTP 202,https://api.openalex.org/works/doi:10.1109/isdfs69419.2026.11459078 [OpenAlex: oa_pdfs=0 arXiv=- doi=10.1109/isdfs69419.2026.11459078] | https://api.semanticscholar.org/graph/v1/paper/DOI:10.1109/isdfs69419.2026.11459078 [S2: arXiv=- DOI=10.1109/ISDFS69419.2026.11459078 oa_pdf=-] | https://doi.org/10.1109/isdfs69419.2026.11459078 [HTTP 202],2026-09-18T19:01:18Z
openalex:W7110469586,openalex,HTTP 405,https://api.openalex.org/works/W7110469586 [OpenAlex: oa_pdfs=0 arXiv=- doi=-] | https://hdl.handle.net/10356/183890 [HTTP 405],2026-09-18T19:01:19Z
openalex:W7130655258,openalex,HTTP 403; HTTP 404,https://api.openalex.org/works/doi:10.36227/techrxiv.177156112.28008669/v1 [OpenAlex: oa_pdfs=1 arXiv=- doi=10.36227/techrxiv.177156112.28008669/v1] | https://www.techrxiv.org/doi/pdf/10.36227/techrxiv.177156112.28008669/v1 [HTTP 403] | https://api.semanticscholar.org/graph/v1/paper/DOI:10.36227/techrxiv.177156112.28008669/v1 [HTTP 404] | https://doi.org/10.36227/techrxiv.177156112.28008669/v1 [HTTP 403],2026-09-18T19:01:21Z
s2_snowball:277ad122f68a777e2be2cedf4c51d63776010b23,s2_snowball,HTTP 202,https://api.openalex.org/works/doi:10.1109/eitce70137.2026.11634616 [OpenAlex: oa_pdfs=0 arXiv=- doi=10.1109/eitce70137.2026.11634616] | https://api.semanticscholar.org/graph/v1/paper/DOI:10.1109/eitce70137.2026.11634616 [S2: arXiv=- DOI=10.1109/EITCE70137.2026.11634616 oa_pdf=-] | https://doi.org/10.1109/eitce70137.2026.11634616 [HTTP 202],2026-09-18T19:01:24Z
s2:91ab40f8b258bb1bba0ae1a5efd58259dcad691c,s2,HTTP 403,https://api.openalex.org/works/doi:10.65109/xalp4331 [OpenAlex: oa_pdfs=0 arXiv=- doi=10.65109/xalp4331] | https://api.semanticscholar.org/graph/v1/paper/DOI:10.65109/xalp4331 [S2: arXiv=- DOI=10.65109/XALP4331 oa_pdf=-] | https://doi.org/10.65109/xalp4331 [HTTP 403],2026-09-18T19:01:27Z
openalex:W7167798134,openalex,HTTP 404; page text too short (836 chars),https://api.openalex.org/works/doi:10.5281/zenodo.21276643 [OpenAlex: oa_pdfs=0 arXiv=- doi=10.5281/zenodo.21276643] | https://api.semanticscholar.org/graph/v1/paper/DOI:10.5281/zenodo.21276643 [HTTP 404] | https://doi.org/10.5281/zenodo.21276643 [page text too short (836 chars)],2026-09-18T19:01:28Z
openalex:W7159600006,openalex,HTTP 404; HTTP 403,https://api.openalex.org/works/doi:10.24433/co.8502400.v1 [OpenAlex: oa_pdfs=0 arXiv=- doi=10.24433/co.8502400.v1] | https://api.semanticscholar.org/graph/v1/paper/DOI:10.24433/co.8502400.v1 [HTTP 404] | https://doi.org/10.24433/co.8502400.v1 [HTTP 403],2026-09-18T19:01:29Z
openalex:W7111601702,openalex,page text too short (881 chars),https://api.openalex.org/works/W7111601702 [OpenAlex: oa_pdfs=0 arXiv=- doi=-] | https://resolver.obvsg.at/urn:nbn:at:at-ubl:1-88243 [page text too short (881 chars)],2026-09-18T19:01:33Z
s2_snowball:6832af137249112d8bee5b16487ebc5887cb6962,s2_snowball,HTTP 403,https://api.openalex.org/works/doi:10.1145/3805712.3808502 [OpenAlex: oa_pdfs=0 arXiv=- doi=10.1145/3805712.3808502] | https://api.semanticscholar.org/graph/v1/paper/DOI:10.1145/3805712.3808502 [S2: arXiv=- DOI=10.1145/3805712.3808502 oa_pdf=https://doi.org/10.1145/3805712.3808502] | https://doi.org/10.1145/3805712.3808502 [HTTP 403],2026-09-18T19:01:35Z
s2_snowball:763bae4b855faf3f8ebbbc0dd8d6fd939c341062,s2_snowball,HTTP 202,https://api.openalex.org/works/doi:10.1109/ecoc66593.2025.11263090 [OpenAlex: oa_pdfs=0 arXiv=- doi=10.1109/ecoc66593.2025.11263090] | https://api.semanticscholar.org/graph/v1/paper/DOI:10.1109/ecoc66593.2025.11263090 [S2: arXiv=- DOI=10.1109/ECOC66593.2025.11263090 oa_pdf=-] | https://doi.org/10.1109/ecoc66593.2025.11263090 [HTTP 202],2026-09-18T19:01:35Z
s2:547a9ff5fc1dc03b83559a67dab886ba6eb586ca,s2,HTTP 403,https://api.openalex.org/works/doi:10.1142/s1469026825500154 [OpenAlex: oa_pdfs=0 arXiv=- doi=10.1142/s1469026825500154] | https://api.semanticscholar.org/graph/v1/paper/DOI:10.1142/s1469026825500154 [S2: arXiv=- DOI=10.1142/s1469026825500154 oa_pdf=-] | https://doi.org/10.1142/s1469026825500154 [HTTP 403],2026-09-18T19:01:37Z
s2:ad527124fde9aee04718cf058e5593741c1bf473,s2,HTTP 202,https://api.openalex.org/works/doi:10.1109/punecon67554.2025.11378097 [OpenAlex: oa_pdfs=0 arXiv=- doi=10.1109/punecon67554.2025.11378097] | https://api.semanticscholar.org/graph/v1/paper/DOI:10.1109/punecon67554.2025.11378097 [S2: arXiv=- DOI=10.1109/PuneCon67554.2025.11378097 oa_pdf=-] | https://doi.org/10.1109/punecon67554.2025.11378097 [HTTP 202],2026-09-18T19:01:37Z
openalex:W7154920586,openalex,HTTP 405,https://api.openalex.org/works/W7154920586 [OpenAlex: oa_pdfs=0 arXiv=- doi=-] | https://hdl.handle.net/10356/213847 [HTTP 405],2026-09-18T19:01:38Z
s2:baaebc8187d8660d5a03de9545c1338a23c5893b,s2,page text too short (0 chars),https://api.openalex.org/works/doi:10.5220/0013884600004919 [OpenAlex: oa_pdfs=0 arXiv=- doi=10.5220/0013884600004919] | https://api.semanticscholar.org/graph/v1/paper/DOI:10.5220/0013884600004919 [S2: arXiv=- DOI=10.5220/0013884600004919 oa_pdf=-] | https://doi.org/10.5220/0013884600004919 [page text too short (0 chars)],2026-09-18T19:01:40Z
openalex:W7162802249,openalex,page text too short (0 chars),https://api.openalex.org/works/doi:10.1016/j.autcon.2026.106984 [OpenAlex: oa_pdfs=0 arXiv=- doi=10.1016/j.autcon.2026.106984] | https://api.semanticscholar.org/graph/v1/paper/DOI:10.1016/j.autcon.2026.106984 [S2: arXiv=- DOI=10.1016/j.autcon.2026.106984 oa_pdf=-] | https://doi.org/10.1016/j.autcon.2026.106984 [page text too short (0 chars)],2026-09-18T19:01:41Z
openalex:W7164835136,openalex,not a PDF (text/html;charset=UTF-8),https://api.openalex.org/works/doi:10.1016/j.egyai.2026.100805 [OpenAlex: oa_pdfs=0 arXiv=- doi=10.1016/j.egyai.2026.100805] | https://api.semanticscholar.org/graph/v1/paper/DOI:10.1016/j.egyai.2026.100805 [S2: arXiv=- DOI=10.1016/j.egyai.2026.100805 oa_pdf=https://doi.org/10.1016/j.egyai.2026.100805] | https://doi.org/10.1016/j.egyai.2026.100805 [not a PDF (text/html;charset=UTF-8)],2026-09-18T19:01:42Z
openalex:W7117251002,openalex,HTTP 404; HTTP 403,https://api.openalex.org/works/doi:10.2139/ssrn.5967226 [OpenAlex: oa_pdfs=0 arXiv=- doi=10.2139/ssrn.5967226] | https://api.semanticscholar.org/graph/v1/paper/DOI:10.2139/ssrn.5967226 [HTTP 404] | https://doi.org/10.2139/ssrn.5967226 [HTTP 403],2026-09-18T19:01:44Z
openalex:W7161303976,openalex,HTTP 404; HTTP 410,https://api.openalex.org/works/doi:10.5281/zenodo.20219588 [OpenAlex: oa_pdfs=0 arXiv=- doi=10.5281/zenodo.20219588] | https://api.semanticscholar.org/graph/v1/paper/DOI:10.5281/zenodo.20219588 [HTTP 404] | https://doi.org/10.5281/zenodo.20219588 [HTTP 410],2026-09-18T19:01:44Z
s2_snowball:cdc8378512441140a6b2c471f36c9306e9c2135e,s2_snowball,HTTP 403,https://api.openalex.org/works/doi:10.1145/3820782 [OpenAlex: oa_pdfs=0 arXiv=- doi=10.1145/3820782] | https://api.semanticscholar.org/graph/v1/paper/DOI:10.1145/3820782 [S2: arXiv=- DOI=10.1145/3820782 oa_pdf=-] | https://doi.org/10.1145/3820782 [HTTP 403],2026-09-18T19:01:45Z
s2_snowball:f2cf75b5bb94591174a11671c77f37beac035b8a,s2_snowball,HTTP 202,https://api.openalex.org/works/doi:10.1109/icdmw69685.2025.00394 [OpenAlex: oa_pdfs=0 arXiv=- doi=10.1109/icdmw69685.2025.00394] | https://api.semanticscholar.org/graph/v1/paper/DOI:10.1109/icdmw69685.2025.00394 [S2: arXiv=- DOI=10.1109/ICDMW69685.2025.00394 oa_pdf=-] | https://doi.org/10.1109/icdmw69685.2025.00394 [HTTP 202],2026-09-18T19:01:46Z
s2:54f4a449aa8b4c22ad6eebd40c67541b2f7e1806,s2,HTTP 202,https://api.openalex.org/works/doi:10.1109/gtdasia60461.2025.11313242 [OpenAlex: oa_pdfs=0 arXiv=- doi=10.1109/gtdasia60461.2025.11313242] | https://api.semanticscholar.org/graph/v1/paper/DOI:10.1109/gtdasia60461.2025.11313242 [S2: arXiv=- DOI=10.1109/GTDAsia60461.2025.11313242 oa_pdf=-] | https://doi.org/10.1109/gtdasia60461.2025.11313242 [HTTP 202],2026-09-18T19:01:47Z
openalex:W7166258912,openalex,page text too short (0 chars),https://api.openalex.org/works/W7166258912 [OpenAlex: oa_pdfs=0 arXiv=- doi=-] | http://urn.kb.se/resolve?urn=urn:nbn:se:su:diva-257269 [page text too short (0 chars)],2026-09-18T19:01:47Z
s2:08cb00d8291409bfc4616fdf19b1ef8a28694f10,s2,HTTP 202,https://api.openalex.org/works/doi:10.1109/access.2025.3612015 [OpenAlex: oa_pdfs=0 arXiv=- doi=10.1109/access.2025.3612015] | https://api.semanticscholar.org/graph/v1/paper/DOI:10.1109/access.2025.3612015 [S2: arXiv=- DOI=10.1109/ACCESS.2025.3612015 oa_pdf=https://doi.org/10.1109/access.2025.3612015] | https://doi.org/10.1109/access.2025.3612015 [HTTP 202],2026-09-18T19:01:48Z
s2:2bc3eb1113da7e50a54223e3479bac62c3aa1aca,s2,HTTP 202,https://api.openalex.org/works/doi:10.1109/noms69089.2026.11668372 [OpenAlex: oa_pdfs=0 arXiv=- doi=10.1109/noms69089.2026.11668372] | https://api.semanticscholar.org/graph/v1/paper/DOI:10.1109/noms69089.2026.11668372 [S2: arXiv=- DOI=10.1109/NOMS69089.2026.11668372 oa_pdf=-] | https://doi.org/10.1109/noms69089.2026.11668372 [HTTP 202],2026-09-18T19:01:49Z
s2_snowball:2f2f61e4f8732f20fc5c91f605b92369f7b2e7da,s2_snowball,HTTP 202,https://api.openalex.org/works/doi:10.1109/cec60901.2024.10612166 [OpenAlex: oa_pdfs=0 arXiv=- doi=10.1109/cec60901.2024.10612166] | https://api.semanticscholar.org/graph/v1/paper/DOI:10.1109/cec60901.2024.10612166 [S2: arXiv=- DOI=10.1109/CEC60901.2024.10612166 oa_pdf=-] | https://doi.org/10.1109/cec60901.2024.10612166 [HTTP 202],2026-09-18T19:01:51Z
openalex:W7212420407,openalex,HTTP 404; HTTP 403,https://api.openalex.org/works/doi:10.2139/ssrn.7454690 [OpenAlex: oa_pdfs=0 arXiv=- doi=10.2139/ssrn.7454690] | https://api.semanticscholar.org/graph/v1/paper/DOI:10.2139/ssrn.7454690 [HTTP 404] | https://doi.org/10.2139/ssrn.7454690 [HTTP 403],2026-09-18T19:01:56Z
s2_snowball:ea360cc783e255e3f12972bc112fe43b373dd8ff,s2_snowball,no route applicable,https://api.semanticscholar.org/graph/v1/paper/ea360cc783e255e3f12972bc112fe43b373dd8ff [S2: arXiv=- DOI=- oa_pdf=-],2026-09-18T19:08:06Z
s2_snowball:b87eff69d7819fa49600ef54f3acf6ce9dff0570,s2_snowball,no route applicable,https://api.semanticscholar.org/graph/v1/paper/b87eff69d7819fa49600ef54f3acf6ce9dff0570 [S2: arXiv=- DOI=- oa_pdf=-],2026-09-18T19:08:08Z
s2_snowball:0ceeb784caf95d54dc6b77b4d2f5575a1ef9f46c,s2_snowball,no route applicable,https://api.semanticscholar.org/graph/v1/paper/0ceeb784caf95d54dc6b77b4d2f5575a1ef9f46c [S2: arXiv=- DOI=- oa_pdf=-],2026-09-18T19:08:08Z
s2_snowball:5a09b70778d045d87ff61dad77f2683fa1c10683,s2_snowball,no route applicable,https://api.semanticscholar.org/graph/v1/paper/5a09b70778d045d87ff61dad77f2683fa1c10683 [S2: arXiv=- DOI=- oa_pdf=-],2026-09-18T19:08:09Z
s2_snowball:347b334beb25d16166e1deead4d2818aaadca7cd,s2_snowball,no route applicable,https://api.semanticscholar.org/graph/v1/paper/347b334beb25d16166e1deead4d2818aaadca7cd [S2: arXiv=- DOI=- oa_pdf=-],2026-09-18T19:08:10Z
s2_snowball:15d8d41b7c25d714a8ec371916c04e9e9c1f3fbb,s2_snowball,no route applicable,https://api.semanticscholar.org/graph/v1/paper/15d8d41b7c25d714a8ec371916c04e9e9c1f3fbb [S2: arXiv=- DOI=- oa_pdf=-],2026-09-18T19:08:11Z
s2_snowball:8564f45177235cbfc4c66a21ca4f8e6420d3012f,s2_snowball,no route applicable,https://api.semanticscholar.org/graph/v1/paper/8564f45177235cbfc4c66a21ca4f8e6420d3012f [S2: arXiv=- DOI=- oa_pdf=-],2026-09-18T19:08:12Z
awesome:gloriaameng:96668b8d2274,awesome,gh api repos/modelscope/DeerFlow: gh: Not Found (HTTP 404),https://api.github.com/repos/modelscope/DeerFlow [gh api repos/modelscope/DeerFlow: gh: Not Found (HTTP 404)],2026-09-18T19:08:13Z
s2_snowball:19ed904a51358525b062c85715998afc5400ad5e,s2_snowball,no route applicable,https://api.semanticscholar.org/graph/v1/paper/19ed904a51358525b062c85715998afc5400ad5e [S2: arXiv=- DOI=- oa_pdf=-],2026-09-18T19:08:14Z
s2_snowball:5bd91191e7d82c3ec99c9d9c5e9cb9e00320c92d,s2_snowball,no route applicable,https://api.semanticscholar.org/graph/v1/paper/5bd91191e7d82c3ec99c9d9c5e9cb9e00320c92d [S2: arXiv=- DOI=- oa_pdf=-],2026-09-18T19:08:15Z
s2_snowball:86b3848618cfc4b7d4c7cbd556d08227b9f9e07a,s2_snowball,no route applicable,https://api.semanticscholar.org/graph/v1/paper/86b3848618cfc4b7d4c7cbd556d08227b9f9e07a [S2: arXiv=- DOI=- oa_pdf=-],2026-09-18T19:08:16Z
s2_snowball:57802d7856e2d3c7b16826b8fa7a116cc522db93,s2_snowball,no route applicable,https://api.semanticscholar.org/graph/v1/paper/57802d7856e2d3c7b16826b8fa7a116cc522db93 [S2: arXiv=- DOI=- oa_pdf=-],2026-09-18T19:08:17Z
s2_snowball:f68e0ca3e0501fa6d74049ff9a5629878b62a007,s2_snowball,no route applicable,https://api.semanticscholar.org/graph/v1/paper/f68e0ca3e0501fa6d74049ff9a5629878b62a007 [S2: arXiv=- DOI=- oa_pdf=-],2026-09-18T19:08:19Z
s2_snowball:019b7c14b29baf04529891fcb73005275874be41,s2_snowball,no route applicable,https://api.semanticscholar.org/graph/v1/paper/019b7c14b29baf04529891fcb73005275874be41 [S2: arXiv=- DOI=- oa_pdf=-],2026-09-18T19:08:21Z
awesome:ggjy:d53395b84a48,awesome,page text too short (164 chars),https://www.tbench.ai/ [page text too short (164 chars)],2026-09-18T19:08:23Z
s2_snowball:aac28e64c564c4bc229223447e2fe86bb0aee570,s2_snowball,no route applicable,https://api.semanticscholar.org/graph/v1/paper/aac28e64c564c4bc229223447e2fe86bb0aee570 [S2: arXiv=- DOI=- oa_pdf=-],2026-09-18T19:08:23Z
s2_snowball:199981bf0d2c40824b850a0aa0e791292631bea9,s2_snowball,no route applicable,https://api.semanticscholar.org/graph/v1/paper/199981bf0d2c40824b850a0aa0e791292631bea9 [S2: arXiv=- DOI=- oa_pdf=-],2026-09-18T19:08:25Z
s2_snowball:1a4c6856292b8c64d19a812a77f0aa6fd47cb96c,s2_snowball,no route applicable,https://api.semanticscholar.org/graph/v1/paper/1a4c6856292b8c64d19a812a77f0aa6fd47cb96c [S2: arXiv=- DOI=- oa_pdf=-],2026-09-18T19:08:28Z
survey_refs:openreview:eONq7FdiHa:125,survey_refs,"no identifier (no arXiv id, DOI, ACL/OpenReview/S2/OpenAlex id, GitHub repo or URL); not fetched by title","- [no identifier (no arXiv id, DOI, ACL/OpenReview/S2/OpenAlex id, GitHub repo or URL); not fetched by title]",2026-09-18T19:08:32Z
s2_snowball:edc11420b3f2aa6638d78cceb3b12778fe07bb85,s2_snowball,no route applicable,https://api.semanticscholar.org/graph/v1/paper/edc11420b3f2aa6638d78cceb3b12778fe07bb85 [S2: arXiv=- DOI=- oa_pdf=-],2026-09-18T19:08:32Z
survey_refs:preprints:202604.0428:4,survey_refs,"no identifier (no arXiv id, DOI, ACL/OpenReview/S2/OpenAlex id, GitHub repo or URL); not fetched by title","- [no identifier (no arXiv id, DOI, ACL/OpenReview/S2/OpenAlex id, GitHub repo or URL); not fetched by title]",2026-09-18T19:08:50Z
s2:46299fee72ca833337b3882ae1d8316f44b32b3c,s2,no route applicable,https://api.semanticscholar.org/graph/v1/paper/46299fee72ca833337b3882ae1d8316f44b32b3c [S2: arXiv=- DOI=- oa_pdf=-],2026-09-18T19:08:54Z
survey_refs:openreview:eONq7FdiHa:198,survey_refs,"no identifier (no arXiv id, DOI, ACL/OpenReview/S2/OpenAlex id, GitHub repo or URL); not fetched by title","- [no identifier (no arXiv id, DOI, ACL/OpenReview/S2/OpenAlex id, GitHub repo or URL); not fetched by title]",2026-09-18T19:08:54Z
github:zhudotexe/kani,github,clone failed: git read-tree: error: invalid path 'tests/e2e/_cache/Qwen__Qwen3-VL-8B-Thinking/TestE2EChat::test_fewshot/3ed406603c4ed2a25e189cbe1a97b7609dd2a3064918731063a14a,https://github.com/zhudotexe/kani.git [clone failed: git read-tree: error: invalid path 'tests/e2e/_cache/Qwen__Qwen3-VL-8B-Thinking/TestE2EChat::test_fewshot/3ed406603c4ed2a25e189cbe1a97b7609dd2a3064918731063a14a],2026-09-18T19:09:08Z
s2_snowball:9e4d496c6b2aa70f8fbb718338d71e6b89ac4528,s2_snowball,HTTP 403,https://api.openalex.org/works/doi:10.1145/3672919.3672945 [OpenAlex: oa_pdfs=0 arXiv=- doi=10.1145/3672919.3672945] | https://api.semanticscholar.org/graph/v1/paper/DOI:10.1145/3672919.3672945 [S2: arXiv=- DOI=10.1145/3672919.3672945 oa_pdf=-] | https://doi.org/10.1145/3672919.3672945 [HTTP 403],2026-09-18T19:09:12Z
s2_snowball:b00705a77830f806a8ac7c287586298ed3b14028,s2_snowball,HTTP 202,https://api.openalex.org/works/doi:10.1109/isdfs60797.2024.10527235 [OpenAlex: oa_pdfs=0 arXiv=- doi=10.1109/isdfs60797.2024.10527235] | https://api.semanticscholar.org/graph/v1/paper/DOI:10.1109/isdfs60797.2024.10527235 [S2: arXiv=- DOI=10.1109/ISDFS60797.2024.10527235 oa_pdf=-] | https://doi.org/10.1109/isdfs60797.2024.10527235 [HTTP 202],2026-09-18T19:09:14Z
s2_snowball:01e9119517fad974b82ab26d46eaa18bc5dad83f,s2_snowball,HTTP 403,https://api.openalex.org/works/doi:10.1145/3700824.3701093 [OpenAlex: oa_pdfs=1 arXiv=- doi=10.1145/3700824.3701093] | https://dl.acm.org/doi/pdf/10.1145/3700824.3701093?download=true [HTTP 403] | https://api.semanticscholar.org/graph/v1/paper/DOI:10.1145/3700824.3701093 [S2: arXiv=- DOI=10.1145/3700824.3701093 oa_pdf=https://dl.acm.org/doi/pdf/10.1145/3700824.3701093?download=true] | https://doi.org/10.1145/3700824.3701093 [HTTP 403],2026-09-18T19:09:15Z
s2:03cc699b6d739bdf4e9861a41ca4478a859adcb6,s2,not a PDF (text/html; charset=utf-8); not a PDF (text/html;charset=UTF-8),https://api.openalex.org/works/doi:10.1016/j.mex.2024.102880 [OpenAlex: oa_pdfs=1 arXiv=- doi=10.1016/j.mex.2024.102880] | https://pmc.ncbi.nlm.nih.gov/articles/PMC11342746/pdf/main.pdf [not a PDF (text/html; charset=utf-8)] | https://api.semanticscholar.org/graph/v1/paper/DOI:10.1016/j.mex.2024.102880 [S2: arXiv=- DOI=10.1016/j.mex.2024.102880 oa_pdf=https://doi.org/10.1016/j.mex.2024.102880] | https://doi.org/10.1016/j.mex.2024.102880 [not a PDF (text/html;charset=UTF-8)],2026-09-18T19:09:15Z
s2:16b4af01d22b271b613d875dd2098d57e4166a35,s2,HTTP 202,https://api.openalex.org/works/doi:10.1109/dtpi61353.2024.10778840 [OpenAlex: oa_pdfs=0 arXiv=- doi=10.1109/dtpi61353.2024.10778840] | https://api.semanticscholar.org/graph/v1/paper/DOI:10.1109/dtpi61353.2024.10778840 [S2: arXiv=- DOI=10.1109/DTPI61353.2024.10778840 oa_pdf=-] | https://doi.org/10.1109/dtpi61353.2024.10778840 [HTTP 202],2026-09-18T19:09:15Z
s2_snowball:cc6a0945f2daf5aacf415ed816ac6a771697e2cb,s2_snowball,HTTP 202,https://api.openalex.org/works/doi:10.1109/icpet62369.2024.10941115 [OpenAlex: oa_pdfs=0 arXiv=- doi=10.1109/icpet62369.2024.10941115] | https://api.semanticscholar.org/graph/v1/paper/DOI:10.1109/icpet62369.2024.10941115 [S2: arXiv=- DOI=10.1109/ICPET62369.2024.10941115 oa_pdf=-] | https://doi.org/10.1109/icpet62369.2024.10941115 [HTTP 202],2026-09-18T19:09:17Z
s2:077861f4f392f847d1e28f4a903c3b2e978563f2,s2,HTTP 403,https://api.openalex.org/works/doi:10.1111/exsy.13766 [OpenAlex: oa_pdfs=0 arXiv=- doi=10.1111/exsy.13766] | https://api.semanticscholar.org/graph/v1/paper/DOI:10.1111/exsy.13766 [S2: arXiv=- DOI=10.1111/exsy.13766 oa_pdf=-] | https://doi.org/10.1111/exsy.13766 [HTTP 403],2026-09-18T19:09:21Z
leaderboard:swe-bench:abanteai-mentatbot,leaderboard,"GET https://mentat.ai/blog/mentatbot-sota-coding-agent: ConnectionError(MaxRetryError('HTTPSConnectionPool(host=\'mentat.ai\', port=443): Max retries exceeded w","https://mentat.ai/blog/mentatbot-sota-coding-agent [GET https://mentat.ai/blog/mentatbot-sota-coding-agent: ConnectionError(MaxRetryError('HTTPSConnectionPool(host=\'mentat.ai\', port=443): Max retries exceeded w]",2026-09-18T19:09:22Z
