dimension,n_contrasts,n_papers,n_systems,n_benchmarks,mean_confidence,share_favouring_component,raw_effects,pooled,verdict,mu_rel,se,ci_low,ci_high,tau2,i2,q,q_p,pi_low,pi_high,mu_fe,mean_rel_unweighted,ew_ci_low,ew_ci_high,mu_pp,pp_ci_low,pp_ci_high,pp_papers,pp_contrasts,pp_poolable
self_verification,20,14,14,15,0.6025000000000001,0.95,0.4056;0.3750;0.3526;0.1765;0.1579;0.1206;0.0705;0.0694;0.0602;0.0569;0.0331;0.0206;0.0084;-0.1457,1,pooled,0.13881526681725603,0.03707817180108337,0.06614338547454399,0.21148714815996808,0.013038551593432509,76.23495268657582,54.70218438259402,4.5574251709215375e-07,-0.12276337232507084,0.4003939059595829,0.13639748395634801,0.12581530374338434,0.03553074614831886,0.21609986133844983,7.181111111111109,-0.7812233807108493,15.143445602933067,9,13,1
multi_agent_topology,11,6,6,7,0.6136363636363635,0.9090909090909091,0.6848;0.4941;0.2022;0.0910;0.0894;-0.0403,1,pooled,0.26097745609423,0.12157292425431684,0.022698903060553,0.499256009127907,0.0825526047186004,94.5232714920818,91.29537812164781,3.590408395618759e-18,-0.605222605536992,1.1271775177254522,0.3952235283191097,0.25355924814520703,-0.03811110369256471,0.5452295999829788,22.0675,-11.171970661693255,55.306970661693256,4,7,1
env_context_strategy,6,5,5,5,0.5583333333333332,0.6666666666666666,0.1581;0.1365;0.0633;0.0456;-0.1857,1,pooled,0.048890275518506866,0.06847337978356541,-0.08531508275701438,0.1830956337940281,0.012377185056353131,55.69236065979024,9.027788570017423,0.06040863959026209,-0.3668520759986229,0.4646326270356367,0.07119744051917613,0.04356248892453683,-0.1261358666081216,0.21326084445719523,6.066666666666667,-6.377012010932616,18.51034534426595,3,3,1
context_compaction,5,4,4,4,0.6699999999999999,1.0,0.3003;0.0811;0.0563;0.0523,1,pooled,0.10662597980964889,0.05003387692814978,0.008561383023565766,0.204690576595732,0.005885754450710991,62.751615861861374,8.054040650123934,0.04490795189312693,-0.2874637358716966,0.5007156954909944,0.07664071767984602,0.12251488523837645,-0.06717457843618907,0.31220434891294196,12.699999999999998,-24.523127173589224,49.923127173589215,3,3,1
planning_granularity,5,4,4,4,0.6399999999999999,0.8,0.0908;0.0814;0.0556;0.0241,1,pooled,0.05760149740617321,0.02451611659480455,0.00955079183957154,0.10565220297277488,0.0,0.0,0.26908188723812787,0.9657344388952354,-0.04788283858331867,0.16308583339566507,0.05760149740617321,0.06297040601400615,0.015426480083155995,0.1105143319448563,3.0500000000000007,-21.727099235540642,27.827099235540643,2,3,0
tool_count,5,4,4,4,0.57,1.0,0.3803;0.1658;0.1061;0.0290,1,pooled,0.18353481588112927,0.08092038431094517,0.024933777016536707,0.34213585474572183,0.019859606762033123,78.05099244286127,13.668043952284645,0.003393657672450571,-0.5156656522222668,0.8827352839845254,0.22585107182357228,0.17029059944280295,-0.0696282070863756,0.4102094059719815,19.43,-76.75596985284244,115.61596985284243,2,3,0
long_term_memory,4,4,4,4,0.6749999999999999,0.75,0.2352;0.1041;0.1041;-0.0226,1,pooled,0.11699764736261155,0.0429209732881672,0.03287408553639813,0.20112120918882498,0.0038087547540450297,54.54670738902806,6.600181917900997,0.08579421087678975,-0.2064452305205005,0.4404405252457236,0.10679271367677048,0.10521059995609167,-0.06224466570488679,0.2726658656170701,3.7066666666666634,-7.942756218663467,15.356089551996794,3,3,1
short_term_state,4,3,3,3,0.6125,1.0,0.2000;0.0969;0.0479,1,pooled,0.13315805602622766,0.04360661473490375,0.047690661658102665,0.21862545039435266,0.00045485560211805257,7.594805777697205,2.1643804948762098,0.3388525413716233,-0.4836352620756137,0.749951374128069,0.13438311742813214,0.11494245847392698,-0.07788407793460583,0.3077689948824598,10.274999999999997,-37.05561264225078,57.605612642250776,2,3,0
loop_primitives,9,1,1,3,0.65,0.8888888888888888,0.1696,0,insufficient evidence,,,,,,,,,,,,0.16957100199633712,,,,,,0,0,0
rollback,2,1,1,1,0.85,1.0,0.0295,0,insufficient evidence,,,,,,,,,,,,0.02945348837209303,,,,,,0,0,0
delegation_mechanism,1,1,1,1,0.55,1.0,0.1541,0,insufficient evidence,,,,,,,,,,,,0.15406520031421836,,,,,,0,0,0
observation_format,1,1,1,1,0.5,1.0,0.1441,0,insufficient evidence,,,,,,,,,,,,0.14414414414414412,,,,,,0,0,0
retry_policy,1,1,1,1,0.8,1.0,0.0403,0,insufficient evidence,,,,,,,,,,,,0.04033379694019479,,,,,,0,0,0
system_prompt_style,1,1,1,1,0.6,0.0,-0.1424,0,insufficient evidence,,,,,,,,,,,,-0.14243323442136488,,,,,,0,0,0
