conf_floor,dimension,n_papers,n_contrasts,mu_rel,ci_low,ci_high,i2,pooled
0.4,self_verification,18,29,0.16429586742637767,0.05604749786414194,0.2725442369886134,92.03252432476414,1
0.4,env_context_strategy,10,14,0.11165248601940293,0.013467277200901184,0.20983769483790468,69.16817046743812,1
0.4,multi_agent_topology,9,17,0.27456600864044167,0.07210418673552665,0.4770278305453567,93.95749313484313,1
0.4,long_term_memory,7,9,0.1550767085793477,0.001039309674738198,0.3091141074839572,90.00148115287416,1
0.4,tool_count,6,8,0.19229282169269973,0.03363202511985283,0.3509536182655466,83.1348297698471,1
0.4,planning_granularity,6,7,0.1727939545460082,0.011008418800134312,0.3345794902918821,83.6877455943919,1
0.4,context_compaction,4,5,0.10662597980964889,0.008561383023565766,0.204690576595732,62.751615861861374,1
0.4,loop_primitives,3,11,0.3996367514697219,-0.08602166069571138,0.8852951636351551,91.26027987175324,1
0.4,short_term_state,3,4,0.13315805602622766,0.047690661658102665,0.21862545039435266,7.594805777697205,1
0.4,rollback,1,2,,,,,0
0.4,delegation_mechanism,1,1,,,,,0
0.4,observation_format,1,1,,,,,0
0.4,retry_policy,1,1,,,,,0
0.4,system_prompt_style,1,1,,,,,0
0.5,self_verification,14,20,0.13881526681725603,0.06614338547454399,0.21148714815996808,76.23495268657582,1
0.5,multi_agent_topology,6,11,0.26097745609423,0.022698903060553,0.499256009127907,94.5232714920818,1
0.5,env_context_strategy,5,6,0.048890275518506866,-0.08531508275701438,0.1830956337940281,55.69236065979024,1
0.5,context_compaction,4,5,0.10662597980964889,0.008561383023565766,0.204690576595732,62.751615861861374,1
0.5,planning_granularity,4,5,0.05760149740617321,0.00955079183957154,0.10565220297277488,0.0,1
0.5,tool_count,4,5,0.18353481588112927,0.024933777016536707,0.34213585474572183,78.05099244286127,1
0.5,long_term_memory,4,4,0.11699764736261155,0.03287408553639813,0.20112120918882498,54.54670738902806,1
0.5,short_term_state,3,4,0.13315805602622766,0.047690661658102665,0.21862545039435266,7.594805777697205,1
0.5,loop_primitives,1,9,,,,,0
0.5,rollback,1,2,,,,,0
0.5,delegation_mechanism,1,1,,,,,0
0.5,observation_format,1,1,,,,,0
0.5,retry_policy,1,1,,,,,0
0.5,system_prompt_style,1,1,,,,,0
0.6,self_verification,5,11,0.10815969926390162,0.05923571566392671,0.15708368286387653,11.579901895738745,1
0.6,multi_agent_topology,5,7,0.2945576417665748,0.034318018051061105,0.5547972654820885,94.78794918825378,1
0.6,context_compaction,3,4,0.1418916724842959,-0.013723321310295189,0.297506666278887,67.63134808399585,1
0.6,planning_granularity,3,4,0.05547899418040408,0.005915733759534414,0.10504225460127374,0.0,1
0.6,long_term_memory,3,3,0.14165271482856148,0.052766424663565736,0.23053900499355723,55.78790425539773,1
0.6,short_term_state,2,3,,,,,0
0.6,tool_count,2,2,,,,,0
0.6,loop_primitives,1,9,,,,,0
0.6,rollback,1,2,,,,,0
0.6,env_context_strategy,1,1,,,,,0
0.6,retry_policy,1,1,,,,,0
0.6,system_prompt_style,1,1,,,,,0
0.7,planning_granularity,2,3,,,,,0
0.7,context_compaction,2,2,,,,,0
0.7,long_term_memory,2,2,,,,,0
0.7,multi_agent_topology,2,2,,,,,0
0.7,self_verification,1,3,,,,,0
0.7,rollback,1,2,,,,,0
0.7,env_context_strategy,1,1,,,,,0
0.7,retry_policy,1,1,,,,,0
0.7,short_term_state,1,1,,,,,0
