dimension,n_papers,n_contrasts,egger_intercept,egger_t,egger_p,trimfill_k0,mu_observed,mu_filled,trimfill_ci_low,trimfill_ci_high,trimfill_shrinkage,nullfill_shrinkage,discount,size_slope,size_p,distinct_n,mu_one_null_each,nulls_to_halve,nulls_to_ci_crosses_zero,sign_share_papers,sign_p_papers,sign_share_contrasts,sign_p_contrasts
self_verification,213,680,1.8522444788528003,6.0168673303061,7.76171303544612e-09,0,0.15743575840762564,0.15743575840762564,0.13224735199952592,0.18262416481572535,0.0,0.4763904836359546,0.4763904836359546,-2.1144749317709538e-05,0.8246163482513877,17.0,0.08243486131822356,235,-1,0.9342723004694836,6.262566550385689e-44,0.9191176470588235,8.832578041237893e-131
long_term_memory,133,455,0.31893043926015746,0.9341065545231709,0.3519675341015681,0,0.15062382011490738,0.15062382011490738,0.12475150548419225,0.1764961347456225,0.0,0.4709712498334251,0.4709712498334251,-1.5274643651559392e-05,0.45330697496909156,20.0,0.07968433130070446,151,-1,0.9398496240601504,3.8402956425115606e-28,0.9274725274725275,1.5573060063834742e-90
planning_granularity,86,245,0.6076437518058163,1.0100328617227903,0.3153801715488396,0,0.16140705332317162,0.16140705332317162,0.125861579996559,0.19695252664978424,0.0,0.4726215137027722,0.4726215137027722,-4.233315803432982e-05,0.19488098134796808,12.0,0.08512260745927018,97,-1,0.9534883720930233,5.763476560721547e-20,0.9306122448979591,5.566779908249391e-51
env_context_strategy,85,253,-0.07810161508244536,-0.09029439044003336,0.9282708236022148,0,0.17748416094893998,0.17748416094893998,0.12936256864236473,0.22560575325551524,0.0,0.4906068432242344,0.4906068432242344,-5.067820846234782e-05,0.427933988264917,7.0,0.0904092170234786,89,-1,0.9764705882352941,1.8901076996836682e-22,0.9486166007905138,3.0514395825736293e-56
multi_agent_topology,79,272,1.310490789258587,1.992098899930366,0.04990531016181749,0,0.1741279247694814,0.1741279247694814,0.13035187200903042,0.2179039775299324,0.0,0.48048547195762575,0.48048547195762575,-3.245537137364155e-05,0.6313924252304042,9.0,0.09046198665561518,86,-1,0.9367088607594937,7.981384997696379e-17,0.9191176470588235,9.698862440745049e-52
loop_primitives,52,156,-0.2312863046488046,-0.2721597573969894,0.7866199298297735,0,0.19223315796775453,0.19223315796775453,0.13903639775762938,0.24542991817787968,0.0,0.4835313564706627,0.4835313564706627,-4.291137436242419e-05,0.6420016741729611,4.0,0.099282398336967,56,-1,0.9423076923076923,1.042677055806962e-11,0.9102564102564102,1.373341332756231e-28
short_term_state,30,59,-0.06198372843933726,-0.031740901585200494,0.9749038563713499,0,0.20617389937667088,0.20617389937667088,0.10847019557611935,0.3038776031772224,0.0,0.4935887786685135,0.4935887786685135,-0.004905099352329141,0.5708351330060731,2.0,0.10440877619001492,31,-1,0.9666666666666667,5.774199962615967e-08,0.9830508474576272,2.0816681711721685e-16
tool_count,27,95,-8.982680422557618,-4.155753447861649,0.0003318050418887577,0,0.17282841631899745,0.17282841631899745,0.017367153245765293,0.32828967939222964,0.0,0.4970286617955396,0.4970286617955396,-0.00014346093950110125,0.8095704561493469,2.0,0.08692773983572374,28,8,0.9259259259259259,5.647540092468262e-06,0.9263157894736842,8.807936656038951e-20
context_compaction,19,43,0.7338285097062918,1.3757397932137672,0.18675868374857407,0,0.08506243628884316,0.08506243628884316,0.04811361704265658,0.12201125553502976,0.0,0.39361905872832326,0.39361905872832326,-1.5329061058659978e-05,0.6636665932298805,5.0,0.05158024018369075,30,150,0.9473684210526315,7.62939453125e-05,0.9302325581395349,3.0213413992896676e-09
delegation_mechanism,14,42,-2.8261879633078695,-1.242382192353442,0.23782675516289198,4,0.0867056149174631,0.0020446283163814694,-0.12841594050428962,0.13250519713705255,0.9764187323009266,0.48679024732615434,0.9764187323009266,,,1.0,0.04449816718722494,15,1,0.8571428571428571,0.012939453125,0.8571428571428571,2.8288777684792876e-06
observation_format,14,37,-3.544008829374231,-2.4051471784061476,0.03320545988689963,0,0.16896174052336685,0.16896174052336685,0.0606187038259957,0.277304777220738,0.0,0.4858289982134467,0.4858289982134467,0.00025463443412633894,0.0350507479001973,5.0,0.0868752273884992,15,23,1.0,0.0001220703125,1.0,1.4551915228366852e-11
system_prompt_style,12,31,-0.16864372121984497,-0.14789230183462435,0.8853672776233968,0,0.13783737332124146,0.13783737332124146,0.04820774432684845,0.2274670023156345,0.0,0.5161272846306388,0.5161272846306388,0.0013358388306174591,0.799960972525284,2.0,0.06669574410832944,12,160,0.75,0.14599609375,0.8387096774193549,0.00019219517707824707
retry_policy,12,23,1.089440677292891,1.563517524763342,0.14899631379268444,0,0.08431600266770167,0.08431600266770167,0.04071236568024044,0.1279196396551629,0.0,0.4501413480432853,0.4501413480432853,,,1.0,0.0463618835652412,16,150,0.9166666666666666,0.0009765625,0.9565217391304348,4.76837158203125e-07
rollback,8,21,0.8440585492518942,0.7003216325653312,0.5099563532812359,0,0.06634919473775494,0.06634919473775494,-0.004287529004798035,0.13698591848030792,0.0,0.44296026891448637,0.44296026891448637,,,1.0,0.03695913759445939,11,1,1.0,0.0078125,1.0,9.5367431640625e-07
guardrails,7,8,0.23050468024660228,0.46221084078465247,0.663345692943669,0,0.10734317499205394,0.10734317499205394,0.06942149682915807,0.1452648531549498,0.0,0.20763563483212497,0.20763563483212497,0.000748429860325924,0.7294583979982476,2.0,0.08505490670768294,27,188,0.8571428571428571,0.125,0.875,0.0703125
edit_primitive,4,11,3.9482340937008567,2.3666460394747197,0.14158448683113375,0,0.16883851338767802,0.16883851338767802,0.04221863740025392,0.29545838937510216,0.0,0.5007525399011689,0.5007525399011689,,,1.0,0.08429219897566076,4,5,1.0,0.125,1.0,0.0009765625
termination_condition,4,9,0.2461149412838575,0.953455601515509,0.4409858222671692,0,-0.00720204786028034,-0.00720204786028034,-0.024569478976994248,0.010165383256433569,-0.0,0.06710550233829521,0.06710550233829521,-0.00023605902835661444,0.1487032476536703,3.0,-0.006718750820751783,56,1,0.5,1.0,0.4444444444444444,1.0
tracing,3,6,1.4934989898994162,14.07845111996742,0.04514362712760096,1,0.05200364854687257,0.023832247501636865,-0.05788456218166713,0.10554905718494087,0.5417197029905297,0.9641721871006496,0.9641721871006496,,,1.0,0.0018631769902209302,1,1,0.6666666666666666,0.5,0.8333333333333334,0.0625
