default_n,dimension,mu_rel,ci_low,ci_high,i2,tau2,n_papers
50,self_verification,0.13781767789974256,0.07031421927697146,0.20532113652251366,55.059239469761344,0.007860670406900014,14
50,multi_agent_topology,0.25610081155426023,0.027318578279495492,0.484883044829025,86.85667618137933,0.07088633066928092,6
50,env_context_strategy,0.01093184071429531,-0.136468147633202,0.15833182906179263,30.19670912283804,0.008255998740724283,5
50,context_compaction,0.09451925386067182,-0.0008287068533476272,0.18986721457469127,34.918326565270114,0.0035483415243535944,4
50,planning_granularity,0.06545477983411685,-0.018208008905159723,0.14911756857339342,0.0,0.0,4
50,tool_count,0.16352122817976492,0.016378861348363527,0.3106635950111663,47.948058817347814,0.01078528876057801,4
50,long_term_memory,0.11699764736261155,0.03287408553639813,0.20112120918882498,54.54670738902806,0.0038087547540450297,4
50,short_term_state,0.10481752771842044,-0.027534366000193197,0.23716942143703407,0.0,0.0,3
200,self_verification,0.13881526681725603,0.06614338547454399,0.21148714815996808,76.23495268657582,0.013038551593432509,14
200,multi_agent_topology,0.26097745609423,0.022698903060553,0.499256009127907,94.5232714920818,0.0825526047186004,6
200,env_context_strategy,0.048890275518506866,-0.08531508275701438,0.1830956337940281,55.69236065979024,0.012377185056353131,5
200,context_compaction,0.10662597980964889,0.008561383023565766,0.204690576595732,62.751615861861374,0.005885754450710991,4
200,planning_granularity,0.05760149740617321,0.00955079183957154,0.10565220297277488,0.0,0.0,4
200,tool_count,0.18353481588112927,0.024933777016536707,0.34213585474572183,78.05099244286127,0.019859606762033123,4
200,long_term_memory,0.11699764736261155,0.03287408553639813,0.20112120918882498,54.54670738902806,0.0038087547540450297,4
200,short_term_state,0.13315805602622766,0.047690661658102665,0.21862545039435266,7.594805777697205,0.00045485560211805257,3
800,self_verification,0.12874330452754618,0.04783482763681861,0.20965178141827373,90.96595276543144,0.01923358130460115,14
800,multi_agent_topology,0.2646607011654178,0.054016760866542946,0.47530464146429263,97.0557259170901,0.06444484299061357,6
800,env_context_strategy,0.06925966874558546,-0.03311097053217965,0.17163030802335058,66.41108743934934,0.008233362676541494,5
800,context_compaction,0.10351065313373925,0.018607507968236958,0.18841379829924154,70.80566535873282,0.004625441013482399,4
800,planning_granularity,0.054786619502944604,0.029748168136405604,0.07982507086948361,0.0,0.0,4
800,tool_count,0.1873245257270743,0.02611684971314024,0.3485322017410084,91.46722470161482,0.0223764996613078,4
800,long_term_memory,0.11699764736261155,0.03287408553639813,0.20112120918882498,54.54670738902806,0.0038087547540450297,4
800,short_term_state,0.13427986166212375,0.04575047616473332,0.22280924715951417,67.10874917977674,0.003739190022355119,3
