contrast,dimension_id,dimension,own_arm_included,arm_policy,estimable,effect_sd,ci_low,ci_high,ci_low_paper_cluster,ci_high_paper_cluster,mde_80,n_blocks,n_papers,n_arms,n_systems,n_exposed_arms,n_reference_arms,detected,null_result,fragile,single_paper,few_papers,degenerate_interval,ci_perm_disagreement,only_large_detectable,perm_p,perm_p_design_floor,perm_floor_above_05,mirrors_cross_paper_contrast,drift_exposure,finding
multi_agent,C3,multi_agent_topology,False,comparator arms only (headline),True,0.6232456070471386,-0.1191590747520916,1.3487326825001478,,,1.3883065092385396,7,1,22,4,15,7,False,True,False,True,True,False,False,True,0.193359375,0.00048828125,False,multi_agent,low - topology is architectural and rarely changes within a system,"NOT INDEPENDENTLY REPLICATED - the 7 comparator-only blocks all come from ONE paper, so the estimate (+0.62 sd) describes that paper's table and not the field; the paper is the blocking factor and there is only one of it. The version with the authors' own arm reaches significance across 2 papers, but it is optimistically biased by construction, so it is not evidence for the design feature either."
multi_agent,C3,multi_agent_topology,True,authors' own arm included (OPTIMISTICALLY BIASED),True,0.7719619838458129,0.2615128911601649,1.2600387346250916,0.6232456070471386,1.032215643243493,0.8188879252359902,11,2,30,6,19,11,True,False,False,False,True,False,False,True,0.024444580078125,3.0517578125e-05,False,multi_agent,low - topology is architectural and rarely changes within a system,"NOT INDEPENDENTLY REPLICATED - the 7 comparator-only blocks all come from ONE paper, so the estimate (+0.62 sd) describes that paper's table and not the field; the paper is the blocking factor and there is only one of it. The version with the authors' own arm reaches significance across 2 papers, but it is optimistically biased by construction, so it is not evidence for the design feature either."
explicit_plan,C2,planning_granularity,False,comparator arms only (headline),True,-0.6269311825448746,-1.3991873914871473,0.1530077297734839,,,1.4620094056946884,7,1,18,3,7,11,False,True,False,True,True,False,False,True,0.24074074074074073,0.0015432098765432098,False,explicit_plan,medium - plan objects are added and removed across releases,"NOT INDEPENDENTLY REPLICATED - the 7 comparator-only blocks all come from ONE paper, so the estimate (-0.63 sd) describes that paper's table and not the field; the paper is the blocking factor and there is only one of it."
explicit_plan,C2,planning_granularity,True,authors' own arm included (OPTIMISTICALLY BIASED),True,-0.6269311825448746,-1.3991873914871473,0.1530077297734839,,,1.4620094056946884,7,1,18,3,7,11,False,True,False,True,True,False,False,True,0.24074074074074073,0.0015432098765432098,False,explicit_plan,medium - plan objects are added and removed across releases,"NOT INDEPENDENTLY REPLICATED - the 7 comparator-only blocks all come from ONE paper, so the estimate (-0.63 sd) describes that paper's table and not the field; the paper is the blocking factor and there is only one of it."
executable_verification,E1,self_verification,False,comparator arms only (headline),True,-1.2568432149373219,-2.4737542739336194,0.030960818666210865,,,3.2709105232693503,4,1,8,2,4,4,False,True,True,True,True,False,False,True,0.25,0.0625,True,executable_verification,high - verification wiring changes often between releases,"NOT INDEPENDENTLY REPLICATED - the 4 comparator-only blocks all come from ONE paper, so the estimate (-1.26 sd) describes that paper's table and not the field; the paper is the blocking factor and there is only one of it."
executable_verification,E1,self_verification,True,authors' own arm included (OPTIMISTICALLY BIASED),True,-1.2568432149373219,-2.4737542739336194,0.030960818666210865,,,3.2709105232693503,4,1,8,2,4,4,False,True,True,True,True,False,False,True,0.25,0.0625,True,executable_verification,high - verification wiring changes often between releases,"NOT INDEPENDENTLY REPLICATED - the 4 comparator-only blocks all come from ONE paper, so the estimate (-1.26 sd) describes that paper's table and not the field; the paper is the blocking factor and there is only one of it."
any_retry,E2,retry_policy,False,comparator arms only (headline),False,,,,,,,0,0,0,0,0,0,False,False,False,False,False,False,False,False,,,,any_retry,high - retry counts are tuning knobs that move release to release,NOT ESTIMABLE either way - varies in 0 comparator-only block(s) and 0 block(s) with the authors' arm included.
any_retry,E2,retry_policy,True,authors' own arm included (OPTIMISTICALLY BIASED),False,,,,,,,0,0,0,0,0,0,False,False,False,False,False,False,False,False,,,,any_retry,high - retry counts are tuning knobs that move release to release,NOT ESTIMABLE either way - varies in 0 comparator-only block(s) and 0 block(s) with the authors' arm included.
any_compaction,A3,context_compaction,False,comparator arms only (headline),False,,,,,,,0,0,0,0,0,0,False,False,False,False,False,False,False,False,,,,any_compaction,high - compaction is among the fastest-churning parts of a harness,NOT ESTIMABLE either way - varies in 0 comparator-only block(s) and 0 block(s) with the authors' arm included.
any_compaction,A3,context_compaction,True,authors' own arm included (OPTIMISTICALLY BIASED),False,,,,,,,0,0,0,0,0,0,False,False,False,False,False,False,False,False,,,,any_compaction,high - compaction is among the fastest-churning parts of a harness,NOT ESTIMABLE either way - varies in 0 comparator-only block(s) and 0 block(s) with the authors' arm included.
persistent_memory,D2,long_term_memory,False,comparator arms only (headline),False,,,,,,,0,0,0,0,0,0,False,False,False,False,False,False,False,False,,,,,medium - memory backends are added and swapped between releases,NOT ESTIMABLE either way - varies in 0 comparator-only block(s) and 0 block(s) with the authors' arm included.
persistent_memory,D2,long_term_memory,True,authors' own arm included (OPTIMISTICALLY BIASED),False,,,,,,,0,0,0,0,0,0,False,False,False,False,False,False,False,False,,,,,medium - memory backends are added and swapped between releases,NOT ESTIMABLE either way - varies in 0 comparator-only block(s) and 0 block(s) with the authors' arm included.
