stage,dropped,surviving,remapped,retained,flagged,also_matched
rows_proposed,0,13908,0,0,0,0
malformed_row,154,13754,0,0,0,0
score_not_in_text,91,13663,0,0,0,0
scores_not_colocated,12,13651,0,0,0,0
signed_delta_as_score,19,13632,0,0,0,0
delta_metric_as_score,12,13620,0,0,0,0
scores_not_separable,225,13395,0,0,0,7
scale_mismatch,14,13381,0,0,0,0
not_a_performance_metric,33,13348,0,0,0,0
model_or_training_variant,1511,11837,0,0,0,0
dimension_not_design,2,11835,0,0,0,0
low_confidence,3693,8142,0,0,0,0
unmapped,1759,6383,0,0,0,0
not_an_ablation,4,6379,0,0,0,0
sandbox_is_execution_feedback,2,6377,8,0,0,0
tool_gating_is_tool_interface,1,6376,0,0,0,6
tools_ablation_is_context,0,6376,3,0,0,0
cost_component_not_a_limit,13,6363,0,0,0,2
direction,191,6172,0,0,0,0
direction_contradicts_label,172,6000,0,0,0,5
orientation,22,5978,0,0,0,0
duplicate_contrast,2,5976,0,0,0,0
"already_in_coded_harvest (flag, excluded from pooling)",48,5928,0,0,0,0
