cluster,size,share_of_analysis_set,weight_sum,mean_coded_share,median_coded_share,mean_silhouette,bootstrap_jaccard,examples,top_markers,provisional
1,6,0.010344827586206896,107.8466,0.6096491228070176,0.5789473684210527,0.1878899788783168,0.693969696969697,Athlete profiling agentic framework (LangGraph); openSIL UT authoring workflow; Spatial Text-to-SQL multi-agent framework,primary_artifact=paper (100% vs 11%); retry_policy=until_pass (100% vs 14%); env_context_strategy=embedding_rag (83% vs 5%); tracing=logs (100% vs 27%); delegation_mechanism=role_handoff (83% vs 17%),True
2,6,0.010344827586206896,9.5533,0.8552631578947368,0.8947368421052632,0.08735736045147659,0.36448853248853247,PC Agent; VulnSage; AutoPT,timeouts=none (100% vs 5%); protocol_standardization=none (100% vs 21%); human_in_loop=none (100% vs 28%); permission_model=none (100% vs 30%); long_term_memory=none (80% vs 14%),True
3,4,0.006896551724137931,51.37,0.5723684210526315,0.5789473684210527,0.2581483384429378,0.5135059760163209,RecSys Factory; EoG (Explanations over Graphs); Zero-shot agent with structured reflection,primary_artifact=paper (100% vs 11%); retry_policy=fixed_n (100% vs 28%); env_context_strategy=file_tree_summary (67% vs 5%); system_prompt_style=templated (100% vs 41%); delegation_mechanism=none (100% vs 42%),True
4,4,0.006896551724137931,7.5533,0.5657894736842105,0.5657894736842106,0.16560705546334104,0.4503448986208409,ProAgent; UI-TARS-2; Codex,model_agnostic=no (100% vs 12%); termination_condition=model_declared (100% vs 18%); open_source=partial (67% vs 9%); planning_granularity=implicit (100% vs 44%); primary_artifact=tech_report (50% vs 1%),True
5,8,0.013793103448275862,8.0,0.555921052631579,0.5394736842105263,0.10294136626950266,0.2903916527916528,TeamBench reference agent; ColPackAgent; MASAI,"primary_artifact=paper (88% vs 10%); tool_count=[5,9) (83% vs 19%); target_domain=swe (75% vs 16%); short_term_state=conversation_only (80% vs 28%); open_source=no (50% vs 1%)",True
6,15,0.02586206896551724,123.95320000000001,0.636842105263158,0.631578947368421,0.1415525120787272,0.44547402563784977,TartanMaroon; SandboxSocial (SiliSocS); Magentic Marketplace,delegation_mechanism=message_bus (86% vs 3%); multi_agent_topology=peer (73% vs 1%); self_verification=llm_judge (83% vs 28%); execution_isolation=none (73% vs 20%); target_domain=other (67% vs 19%),True
7,75,0.12931034482758622,339.0993,0.6484210526315789,0.631578947368421,0.08908448974474213,0.633931820726158,QuantaAlpha; SVRepair; CutClaw,delegation_mechanism=role_handoff (88% vs 6%); multi_agent_topology=pipeline (73% vs 5%); retry_policy=none (20% vs 61%); env_context_strategy=agent_driven_navigation (16% vs 57%); state_persistence=full_resume (35% vs 64%),True
8,203,0.35,837.7755999999999,0.6833030852994556,0.6578947368421053,0.0977688880106662,0.753506943642123,MedMCP-Calc reference agent (ReAct); OpenResearcher; AIRTBench reference agent,delegation_mechanism=none (97% vs 14%); multi_agent_topology=single (94% vs 30%); planning_granularity=explicit_plan_object (11% vs 61%); edit_primitive=none (85% vs 35%); human_in_loop=none (63% vs 14%),True
9,259,0.44655172413793104,662.8331,0.6765901239585451,0.6578947368421053,0.1564793908769406,0.7806034696106378,thClaws; Frontman; Roo Code,delegation_mechanism=subagent_spawn (76% vs 3%); edit_primitive=none (21% vs 75%); state_persistence=full_resume (82% vs 33%); multi_agent_topology=orchestrator_workers (53% vs 6%); planning_granularity=explicit_plan_object (70% vs 23%),True
