dim_a_id,dim_a_key,dim_b_id,dim_b_key,layer_a,layer_b,same_layer,n_complete,v_corrected_complete,v_raw_complete,levels_a_complete,levels_b_complete,p_perm_complete,q_bh_complete,q_holm_complete,v_corrected_complete_weighted,n_eff_complete_weighted,n_nr,v_corrected_nr,q_bh_nr,delta_v_nr_minus_complete,flips_conclusion,flip_kind
C3,multi_agent_topology,C4,delegation_mechanism,C,C,True,841.0,0.7202391209638631,0.7230796040399586,6.0,4.0,4.999750012499375e-05,0.0002561410391018911,0.03329833508324584,0.6827908418350765,130.0,1246.0,0.6134222278498156,7.069710208757078e-05,-0.10681689311404752,False,
B5,protocol_standardization,E3,rollback,B,E,False,140.0,0.5590173582032975,0.5864940076962728,6.0,3.0,4.999750012499375e-05,0.0002561410391018911,0.03329833508324584,0.22626272124937424,14.0,1254.0,0.31689150473300703,7.069710208757078e-05,-0.24212585347029042,True,same conclusion but attenuated by shared silence
F3,timeouts,H2,replayability,F,H,False,88.0,0.5181795653241305,0.5448120551516794,4.0,3.0,4.999750012499375e-05,0.0002561410391018911,0.03329833508324584,0.0,9.0,1254.0,0.36528710274556414,7.069710208757078e-05,-0.1528924625785663,True,same conclusion but attenuated by shared silence
D3,state_persistence,E3,rollback,D,E,False,148.0,0.5069301445158473,0.5168049070430459,3.0,3.0,4.999750012499375e-05,0.0002561410391018911,0.03329833508324584,0.45200253485973135,16.0,1252.0,0.3486956279328948,7.069710208757078e-05,-0.15823451658295246,True,same conclusion but attenuated by shared silence
C5,human_in_loop,D3,state_persistence,C,D,False,269.0,0.49799431731737204,0.5428213968569825,14.0,3.0,4.999750012499375e-05,0.0002561410391018911,0.03329833508324584,0.0,26.0,1247.0,0.4059858197925987,7.069710208757078e-05,-0.09200849752477336,False,
D2,long_term_memory,D3,state_persistence,D,D,True,285.0,0.4948911931122935,0.5375566679321145,14.0,3.0,4.999750012499375e-05,0.0002561410391018911,0.03329833508324584,0.0,27.0,1249.0,0.43394475619040684,7.069710208757078e-05,-0.06094643692188667,False,
C5,human_in_loop,E3,rollback,C,E,False,163.0,0.48864992806192353,0.5566910637323274,13.0,3.0,4.999750012499375e-05,0.0002561410391018911,0.03329833508324584,0.0,17.0,1246.0,0.3450630738651998,7.069710208757078e-05,-0.14358685419672373,False,
G2,filesystem_access,G3,network_policy,G,G,True,151.0,0.47569065982850944,0.4932185274265099,4.0,3.0,4.999750012499375e-05,0.0002561410391018911,0.03329833508324584,0.4214053234562971,16.0,1251.0,0.3706162746088384,7.069710208757078e-05,-0.10507438521967105,False,
D3,state_persistence,H4,guardrails,D,H,False,250.0,0.47002580820358064,0.4972546813509166,3.0,8.0,4.999750012499375e-05,0.0002561410391018911,0.03329833508324584,0.07013452774826093,23.0,1249.0,0.3928270835312811,7.069710208757078e-05,-0.07719872467229955,False,
B5,protocol_standardization,D3,state_persistence,B,D,False,252.0,0.4654193710143138,0.48457145209243,6.0,3.0,4.999750012499375e-05,0.0002561410391018911,0.03329833508324584,0.4457750156381821,23.0,1254.0,0.3351004813125145,7.069710208757078e-05,-0.13031888970179928,False,
D2,long_term_memory,E3,rollback,D,E,False,164.0,0.458001403814807,0.5356734825753611,14.0,3.0,4.999750012499375e-05,0.0002561410391018911,0.03329833508324584,0.0,18.0,1249.0,0.34619464253206295,7.069710208757078e-05,-0.11180676128274403,False,
A3,context_compaction,H2,replayability,A,H,False,89.0,0.4502294131553971,0.5480623005441512,10.0,3.0,0.0016499175041247937,0.0047775872075961415,0.7226638668066596,,9.0,1252.0,0.18070333759494242,0.00013266268957468462,-0.2695260755604547,True,same conclusion but attenuated by shared silence
D3,state_persistence,H2,replayability,D,H,False,129.0,0.44467951855459453,0.45855772666833133,3.0,3.0,4.999750012499375e-05,0.0002561410391018911,0.03329833508324584,0.11751814702257471,14.0,1254.0,0.323994582772697,7.069710208757078e-05,-0.12068493578189754,False,
B5,protocol_standardization,H2,replayability,B,H,False,121.0,0.44423334322007846,0.4855109427273635,6.0,3.0,0.0010499475026248687,0.003237338133093345,0.4756262186890655,0.0,11.0,1256.0,0.29709923955661904,7.069710208757078e-05,-0.14713410366345941,False,
D2,long_term_memory,H2,replayability,D,H,False,124.0,0.4423189669797046,0.5460365267759753,14.0,3.0,0.0016499175041247937,0.0047775872075961415,0.7226638668066596,,14.0,1251.0,0.3358069248321462,7.069710208757078e-05,-0.10651204214755838,False,
F2,cost_controls,H2,replayability,F,H,False,112.0,0.4415985384224288,0.5045380577071471,8.0,3.0,4.999750012499375e-05,0.0002561410391018911,0.03329833508324584,0.0,12.0,1253.0,0.3971333934911787,7.069710208757078e-05,-0.04446514493125009,False,
H2,replayability,H4,guardrails,H,H,True,126.0,0.433898691425928,0.49117795678388765,3.0,8.0,0.0029498525073746312,0.007556160653505786,1.0,0.0,14.0,1251.0,0.4107674258387178,7.069710208757078e-05,-0.023131265587210237,False,
B3,edit_primitive,E3,rollback,B,E,False,124.0,0.42979362397672893,0.49674902191005244,9.0,3.0,4.999750012499375e-05,0.0002561410391018911,0.03329833508324584,0.0,15.0,1217.0,0.22669047540538526,7.069710208757078e-05,-0.20310314857134368,True,same conclusion but attenuated by shared silence
F2,cost_controls,F3,timeouts,F,F,True,156.0,0.42394492047433463,0.470544317138042,8.0,4.0,4.999750012499375e-05,0.0002561410391018911,0.03329833508324584,0.0,16.0,1251.0,0.31525001994590984,7.069710208757078e-05,-0.10869490052842479,False,
D3,state_persistence,F2,cost_controls,D,F,False,214.0,0.42198698387206307,0.4574547160513843,3.0,8.0,4.999750012499375e-05,0.0002561410391018911,0.03329833508324584,0.0,20.0,1251.0,0.35476390924777307,7.069710208757078e-05,-0.06722307462429,False,
E1,self_verification,E3,rollback,E,E,True,178.0,0.4194025721672265,0.4916376448559073,13.0,3.0,4.999750012499375e-05,0.0002561410391018911,0.03329833508324584,0.0,22.0,1250.0,0.3682291152451203,7.069710208757078e-05,-0.051173456922106175,False,
D3,state_persistence,E1,self_verification,D,E,False,217.0,0.41626460418882477,0.47668371778895924,3.0,13.0,4.999750012499375e-05,0.0002561410391018911,0.03329833508324584,0.11397796232039055,24.0,1250.0,0.3342061725903098,7.069710208757078e-05,-0.08205843159851495,False,
B3,edit_primitive,D3,state_persistence,B,D,False,153.0,0.4098936842784789,0.4673689294288251,9.0,3.0,4.999750012499375e-05,0.0002561410391018911,0.03329833508324584,0.0,18.0,1217.0,0.22486552657156625,7.069710208757078e-05,-0.18502815770691264,True,same conclusion but attenuated by shared silence
C1,loop_primitives,E2,retry_policy,C,E,False,435.0,0.3982382314922397,0.47118313670434014,29.0,4.0,4.999750012499375e-05,0.0002561410391018911,0.03329833508324584,0.0,78.0,1251.0,0.35393118075769103,7.069710208757078e-05,-0.04430705073454866,False,
A1,system_prompt_style,D3,state_persistence,A,D,False,279.0,0.3920931588039295,0.40425535269126917,4.0,3.0,4.999750012499375e-05,0.0002561410391018911,0.03329833508324584,0.0,30.0,1248.0,0.22042454582515106,7.069710208757078e-05,-0.17166861297877842,True,same conclusion but attenuated by shared silence
A3,context_compaction,E3,rollback,A,E,False,112.0,0.39099231033950155,0.4808342370921951,10.0,3.0,4.999750012499375e-05,0.0002561410391018911,0.03329833508324584,0.0,12.0,1250.0,0.1954996481653582,7.069710208757078e-05,-0.19549266217414335,True,same conclusion but attenuated by shared silence
D3,state_persistence,G4,permission_model,D,G,False,232.0,0.38973222399185287,0.40442940548927636,3.0,4.0,4.999750012499375e-05,0.0002561410391018911,0.03329833508324584,0.3562891276810091,24.0,1248.0,0.34709602914905674,7.069710208757078e-05,-0.04263619484279613,False,
B4,tool_schema_source,D3,state_persistence,B,D,False,213.0,0.3876118274192278,0.4208650964708207,7.0,3.0,4.999750012499375e-05,0.0002561410391018911,0.03329833508324584,0.0,21.0,1252.0,0.21558039313381036,7.069710208757078e-05,-0.17203143428541742,True,same conclusion but attenuated by shared silence
B4,tool_schema_source,B5,protocol_standardization,B,B,True,309.0,0.38252630180186276,0.40426657410775785,7.0,6.0,4.999750012499375e-05,0.0002561410391018911,0.03329833508324584,0.0,30.0,1254.0,0.29252664517167976,7.069710208757078e-05,-0.089999656630183,False,
C2,planning_granularity,D1,short_term_state,C,D,False,743.0,0.38190706897151666,0.3866561795950144,4.0,3.0,4.999750012499375e-05,0.0002561410391018911,0.03329833508324584,0.32992892754553105,116.0,1239.0,0.3980209936928121,7.069710208757078e-05,0.016113924721295414,False,
C5,human_in_loop,G4,permission_model,C,G,False,286.0,0.3787880913909264,0.43310983950487214,14.0,4.0,4.999750012499375e-05,0.0002561410391018911,0.03329833508324584,0.0,29.0,1244.0,0.40746084288016715,7.069710208757078e-05,0.028672751489240755,False,
B4,tool_schema_source,E3,rollback,B,E,False,124.0,0.3780086865893233,0.43514093244140717,7.0,3.0,4.999750012499375e-05,0.0002561410391018911,0.03329833508324584,0.0,13.0,1252.0,0.16011345780210468,7.069710208757078e-05,-0.21789522878721862,True,same conclusion but attenuated by shared silence
M2,open_source,M4,primary_artifact,M,M,True,776.0,0.3763995399356376,0.3793305178304674,3.0,3.0,4.999750012499375e-05,0.0002561410391018911,0.03329833508324584,0.37036563043910425,79.0,1254.0,0.3459126256273164,7.069710208757078e-05,-0.030486914308321178,False,
E3,rollback,M1,target_domain,E,M,False,237.0,0.37560679418817233,0.504273384534762,3.0,28.0,4.999750012499375e-05,0.0002561410391018911,0.03329833508324584,0.0,28.0,1253.0,0.19887165514003102,7.069710208757078e-05,-0.1767351390481413,True,same conclusion but attenuated by shared silence
E3,rollback,H2,replayability,E,H,False,92.0,0.3752843727360448,0.3996511401425646,3.0,3.0,4.999750012499375e-05,0.0002561410391018911,0.03329833508324584,0.0,11.0,1254.0,0.33917342296665853,7.069710208757078e-05,-0.03611094976938628,False,
G4,permission_model,H2,replayability,G,H,False,115.0,0.3735014050418716,0.40419260598596,4.0,3.0,4.999750012499375e-05,0.0002561410391018911,0.03329833508324584,0.23482794815940547,13.0,1249.0,0.26841576502080966,7.069710208757078e-05,-0.10508564002106197,False,
G4,permission_model,H4,guardrails,G,H,False,318.0,0.3666505997873885,0.394008182471512,4.0,8.0,4.999750012499375e-05,0.0002561410391018911,0.03329833508324584,0.0,33.0,1245.0,0.4457542720451487,7.069710208757078e-05,0.07910367225776022,False,
E3,rollback,G4,permission_model,E,G,False,156.0,0.365500436754609,0.38887229098588705,3.0,4.0,4.999750012499375e-05,0.0002561410391018911,0.03329833508324584,0.0,17.0,1247.0,0.29420468264746885,7.069710208757078e-05,-0.07129575410714017,False,
G1,execution_isolation,H2,replayability,G,H,False,159.0,0.36495756018337844,0.39601070208864103,5.0,3.0,0.0012999350032498376,0.003864985322162464,0.575871206439678,0.0,17.0,1254.0,0.20038347753642807,7.069710208757078e-05,-0.16457408264695036,True,same conclusion but attenuated by shared silence
E3,rollback,H4,guardrails,E,H,False,159.0,0.36164791453992917,0.4164582234599232,3.0,8.0,4.999750012499375e-05,0.0002561410391018911,0.03329833508324584,0.0,16.0,1249.0,0.3327178837748873,7.069710208757078e-05,-0.02893003076504186,False,
B4,tool_schema_source,G3,network_policy,B,G,False,113.0,0.35472887857169505,0.4101565848877606,6.0,3.0,0.00044997750112494374,0.0015856350039640875,0.21553922303884804,0.0,12.0,1251.0,0.14246752083389044,0.00019703156853991617,-0.2122613577378046,True,same conclusion but attenuated by shared silence
E3,rollback,F2,cost_controls,E,F,False,131.0,0.3530058453264554,0.42016919883848447,3.0,8.0,4.999750012499375e-05,0.0002561410391018911,0.03329833508324584,0.0,14.0,1251.0,0.3106426736931832,7.069710208757078e-05,-0.04236317163327219,False,
F3,timeouts,H4,guardrails,F,H,False,168.0,0.3523514158563112,0.3973026518129181,4.0,7.0,4.999750012499375e-05,0.0002561410391018911,0.03329833508324584,0.0,17.0,1249.0,0.26070892734285955,7.069710208757078e-05,-0.09164248851345164,False,
A1,system_prompt_style,E3,rollback,A,E,False,173.0,0.34592936579001254,0.3683985727040033,4.0,3.0,4.999750012499375e-05,0.0002561410391018911,0.03329833508324584,0.0,22.0,1248.0,0.1447252405060936,7.069710208757078e-05,-0.20120412528391896,True,same conclusion but attenuated by shared silence
D3,state_persistence,G1,execution_isolation,D,G,False,328.0,0.3456244277905702,0.36188125366161544,3.0,5.0,4.999750012499375e-05,0.0002561410391018911,0.03329833508324584,0.3730782821708256,32.0,1252.0,0.3073482895566463,7.069710208757078e-05,-0.038276138233923895,False,
C1,loop_primitives,C4,delegation_mechanism,C,C,True,825.0,0.3447866361666298,0.3919683553847004,30.0,4.0,4.999750012499375e-05,0.0002561410391018911,0.03329833508324584,0.17232129005367444,129.0,1246.0,0.3173627154220603,7.069710208757078e-05,-0.027423920744569508,False,
E3,rollback,G1,execution_isolation,E,G,False,198.0,0.34465612144871266,0.3713306378961661,3.0,5.0,4.999750012499375e-05,0.0002561410391018911,0.03329833508324584,0.29215602469494756,21.0,1252.0,0.22561493074730596,7.069710208757078e-05,-0.1190411907014067,False,
D3,state_persistence,F3,timeouts,D,F,False,159.0,0.343875203853213,0.36842999359679346,3.0,4.0,4.999750012499375e-05,0.0002561410391018911,0.03329833508324584,0.11595155716635183,15.0,1252.0,0.2466978944487221,7.069710208757078e-05,-0.09717730940449093,False,
C4,delegation_mechanism,D2,long_term_memory,C,D,False,438.0,0.3356710959409381,0.3793918617413488,4.0,15.0,4.999750012499375e-05,0.0002561410391018911,0.03329833508324584,0.0,51.0,1245.0,0.24920436798935774,7.069710208757078e-05,-0.08646672795158034,False,
E3,rollback,F3,timeouts,E,F,False,97.0,0.3338732320111791,0.374698566281361,3.0,4.0,4.999750012499375e-05,0.0002561410391018911,0.03329833508324584,0.0,10.0,1252.0,0.2504855225006848,7.069710208757078e-05,-0.08338770951049429,False,
