cluster,rank,dim_id,dim_key,layer,level,share_in_cluster,share_outside,difference,n_coded_in_cluster,n_coded_outside
1,1,M4,primary_artifact,M,paper,1.0,0.10627177700348432,0.8937282229965157,6,574
1,2,E2,retry_policy,E,until_pass,1.0,0.14195583596214512,0.8580441640378549,4,317
1,3,A2,env_context_strategy,A,embedding_rag,0.8333333333333334,0.04573804573804574,0.7875952875952876,6,481
1,4,H1,tracing,H,logs,1.0,0.26746506986027946,0.7325349301397206,4,501
1,5,C4,delegation_mechanism,C,role_handoff,0.8333333333333334,0.1676300578034682,0.6657032755298652,6,519
2,1,F3,timeouts,F,none,1.0,0.053061224489795916,0.9469387755102041,3,245
2,2,B5,protocol_standardization,B,none,1.0,0.20875420875420875,0.7912457912457913,5,297
2,3,C5,human_in_loop,C,none,1.0,0.2772585669781931,0.7227414330218069,5,321
2,4,G4,permission_model,G,none,1.0,0.3023255813953488,0.6976744186046512,5,301
2,5,D2,long_term_memory,D,none,0.8,0.14084507042253522,0.6591549295774648,5,355
3,1,M4,primary_artifact,M,paper,1.0,0.109375,0.890625,4,576
3,2,E2,retry_policy,E,fixed_n,1.0,0.2830188679245283,0.7169811320754718,3,318
3,3,A2,env_context_strategy,A,file_tree_summary,0.6666666666666666,0.05371900826446281,0.6129476584022038,3,484
3,4,A1,system_prompt_style,A,templated,1.0,0.4115138592750533,0.5884861407249466,3,469
3,5,C4,delegation_mechanism,C,none,1.0,0.42418426103646834,0.5758157389635317,4,521
4,1,M3,model_agnostic,M,no,1.0,0.11565836298932385,0.8843416370106761,4,562
4,2,F1,termination_condition,F,model_declared,1.0,0.1830065359477124,0.8169934640522876,4,459
4,3,M2,open_source,M,partial,0.6666666666666666,0.08771929824561403,0.5789473684210527,3,456
4,4,C2,planning_granularity,C,implicit,1.0,0.4361904761904762,0.5638095238095238,3,525
4,5,M4,primary_artifact,M,tech_report,0.5,0.008680555555555556,0.4913194444444444,4,576
5,1,M4,primary_artifact,M,paper,0.875,0.1048951048951049,0.7701048951048951,8,572
5,2,B2,tool_count,B,"[5,9)",0.8333333333333334,0.19021739130434784,0.6431159420289856,6,184
5,3,M1,target_domain,M,swe,0.75,0.15761821366024517,0.5923817863397548,8,571
5,4,D1,short_term_state,D,conversation_only,0.8,0.2788844621513944,0.5211155378486056,5,502
5,5,M2,open_source,M,no,0.5,0.013186813186813187,0.4868131868131868,4,455
6,1,C4,delegation_mechanism,C,message_bus,0.8571428571428571,0.025440313111545987,0.831702544031311,14,511
6,2,C3,multi_agent_topology,C,peer,0.7333333333333333,0.008880994671403197,0.72445233866193,15,563
6,3,E1,self_verification,E,llm_judge,0.8333333333333334,0.28184281842818426,0.5514905149051491,6,369
6,4,G1,execution_isolation,G,none,0.7272727272727273,0.2,0.5272727272727273,11,495
6,5,M1,target_domain,M,other,0.6666666666666666,0.1879432624113475,0.4787234042553191,15,564
7,1,C4,delegation_mechanism,C,role_handoff,0.875,0.0640176600441501,0.8109823399558499,72,453
7,2,C3,multi_agent_topology,C,pipeline,0.7333333333333333,0.0536779324055666,0.6796554009277667,75,503
7,3,E2,retry_policy,E,none,0.19672131147540983,0.6115384615384616,-0.41481715006305175,61,260
7,4,A2,env_context_strategy,A,agent_driven_navigation,0.16393442622950818,0.5727699530516432,-0.4088355268221351,61,426
7,5,D3,state_persistence,D,full_resume,0.34782608695652173,0.6366906474820144,-0.2888645605254927,23,278
8,1,C4,delegation_mechanism,C,none,0.9675675675675676,0.13529411764705881,0.8322734499205088,185,340
8,2,C3,multi_agent_topology,C,single,0.9408866995073891,0.296,0.6448866995073892,203,375
8,3,C2,planning_granularity,C,explicit_plan_object,0.1099476439790576,0.6083086053412463,-0.4983609613621887,191,337
8,4,B3,edit_primitive,B,none,0.8461538461538461,0.3508771929824561,0.49527665317139,143,171
8,5,C5,human_in_loop,C,none,0.6262626262626263,0.14096916299559473,0.4852934632670316,99,227
9,1,C4,delegation_mechanism,C,subagent_spawn,0.7565217391304347,0.030508474576271188,0.7260132645541636,230,295
9,2,B3,edit_primitive,B,none,0.2079207920792079,0.7511737089201878,-0.5432529168409799,101,213
9,3,D3,state_persistence,D,full_resume,0.8218390804597702,0.33070866141732286,0.4911304190424473,174,127
9,4,C3,multi_agent_topology,C,orchestrator_workers,0.5291828793774319,0.06230529595015576,0.46687758342727614,257,321
9,5,C2,planning_granularity,C,explicit_plan_object,0.6964285714285714,0.23026315789473684,0.46616541353383456,224,304
