layer,layer_name,year,n_systems,n_base_cells,n_not_reported,rate_unweighted,rate_weighted,se_weighted,weight_base,suppressed
A,Context assembly,2022,3,12,9,0.75,0.75,0.019631543313109623,12.0,True
A,Context assembly,2023,68,271,108,0.3985239852398524,0.3203674120901528,0.07912552148179772,1267.2528,False
A,Context assembly,2024,197,784,286,0.3647959183673469,0.3518796637857399,0.04126284596541952,5003.714,False
A,Context assembly,2025,348,1388,540,0.38904899135446686,0.408632985535054,0.03401939369845309,7809.133900000001,False
A,Context assembly,2026,385,1534,738,0.4810951760104302,0.417216188699557,0.026613621050877372,10786.586,False
A,Context assembly,,252,1003,532,0.5304087736789631,0.5304087736789631,0.0,1003.0,False
B,Tool interface,2022,3,15,11,0.7333333333333333,0.7333333333333333,0.017743936169043035,15.0,True
B,Tool interface,2023,68,337,207,0.6142433234421365,0.5737283829525834,0.07614348627895967,1582.3159999999998,False
B,Tool interface,2024,197,970,598,0.6164948453608248,0.6607814768250418,0.03546723220205341,6212.6628,False
B,Tool interface,2025,348,1726,1111,0.6436848203939745,0.7521514665401713,0.024943972688187002,9758.0416,False
B,Tool interface,2026,385,1914,1253,0.654649947753396,0.7377980215903257,0.02066321808798842,13531.8384,False
B,Tool interface,,252,1257,762,0.6062052505966588,0.6062052505966588,0.0,1257.0,False
C,Control loop,2022,3,15,8,0.5333333333333333,0.5333333333333333,0.020017859732101573,15.0,True
C,Control loop,2023,68,338,110,0.3254437869822485,0.28920935555505034,0.06894124268101005,1583.3159999999998,False
C,Control loop,2024,197,982,254,0.25865580448065173,0.23966632263992868,0.032945949253350156,6205.7192,False
C,Control loop,2025,348,1732,445,0.2569284064665127,0.24906126765669842,0.026656452866358916,9814.9649,False
C,Control loop,2026,385,1918,499,0.2601668404588113,0.24370963619188368,0.02062390328037486,13492.0217,False
C,Control loop,,252,1250,374,0.2992,0.2992,0.0,1250.0,False
D,Memory and state,2022,3,9,8,0.8888888888888888,0.8888888888888888,0.016733115741404788,9.0,True
D,Memory and state,2023,68,203,120,0.5911330049261084,0.5996239066392645,0.09847973151493186,950.1895999999999,False
D,Memory and state,2024,197,587,346,0.5894378194207837,0.6874274153370301,0.04509483671369723,3653.4921999999997,False
D,Memory and state,2025,348,1043,634,0.6078619367209971,0.6646679982606198,0.03690979470309401,5897.0428999999995,False
D,Memory and state,2026,385,1148,551,0.4799651567944251,0.6094118942182035,0.03051642997000748,8024.673699999999,False
D,Memory and state,,252,752,311,0.41356382978723405,0.41356382978723405,0.0013201482040547873,752.0,False
E,Verification and repair,2022,3,9,9,1.0,1.0,0.0,9.0,True
E,Verification and repair,2023,68,204,147,0.7205882352941176,0.6369529271556377,0.09803419532465156,951.1895999999999,False
E,Verification and repair,2024,197,590,356,0.6033898305084746,0.6651625910287099,0.04611237680197794,3707.4155,False
E,Verification and repair,2025,348,1042,674,0.6468330134357005,0.6299656091034935,0.038459560239198526,5892.489599999999,False
E,Verification and repair,2026,385,1152,694,0.6024305555555556,0.5534678604390171,0.031278011511921756,8123.413700000001,False
E,Verification and repair,,252,755,562,0.7443708609271523,0.7443708609271523,0.001159441778897575,755.0,False
F,Budget and termination,2022,3,9,8,0.8888888888888888,0.8888888888888888,0.016733115741404788,9.0,True
F,Budget and termination,2023,68,203,139,0.6847290640394089,0.5724538555252551,0.1000553089289115,950.1895999999999,False
F,Budget and termination,2024,197,590,379,0.6423728813559322,0.7056669261915747,0.04441901534017989,3707.4155,False
F,Budget and termination,2025,348,1043,652,0.6251198465963567,0.6501561486011912,0.037907235705237845,5897.0428999999995,False
F,Budget and termination,2026,385,1150,669,0.5817391304347826,0.6403492837176494,0.03007785786737949,8074.043699999999,False
F,Budget and termination,,252,754,459,0.6087533156498673,0.6087533156498673,0.001300856679982617,754.0,False
G,Sandbox and environment,2022,3,12,12,1.0,1.0,0.0,12.0,True
G,Sandbox and environment,2023,68,272,213,0.7830882352941176,0.8803550837814038,0.05121736817106503,1268.2528,False
G,Sandbox and environment,2024,197,788,582,0.7385786802030457,0.8284455941373648,0.030176169929710995,5007.714,False
G,Sandbox and environment,2025,348,1390,1030,0.7410071942446043,0.8506173803975883,0.021702140725574116,7862.057200000001,False
G,Sandbox and environment,2026,385,1539,960,0.6237816764132553,0.804643039421878,0.01992533296659838,10838.955999999998,False
G,Sandbox and environment,,252,997,534,0.5356068204613842,0.5356068204613842,0.0,997.0,False
H,Observability and governance,2022,3,12,11,0.9166666666666666,0.9166666666666666,0.012530514490042553,12.0,True
H,Observability and governance,2023,68,272,181,0.6654411764705882,0.764400441300031,0.06945500073716478,1268.2528,False
H,Observability and governance,2024,197,788,530,0.6725888324873096,0.7855859380148307,0.03131665355577813,5007.714,False
H,Observability and governance,2025,348,1389,868,0.624910007199424,0.7507839353410948,0.026964341263990166,7857.5039,False
H,Observability and governance,2026,385,1539,848,0.5510071474983755,0.6970008089339971,0.02409979792591501,10838.955999999998,False
H,Observability and governance,,252,1002,551,0.5499001996007984,0.5499001996007984,0.0,1002.0,False
M,Meta,2022,3,21,7,0.3333333333333333,0.3333333333333333,0.01577643619908797,21.0,True
M,Meta,2023,68,473,118,0.24947145877378435,0.4248293571716549,0.06407959312355824,2216.4424,False
M,Meta,2024,197,1377,376,0.2730573710965868,0.34671092545288623,0.031099224323806067,8761.4995,False
M,Meta,2025,348,2434,597,0.24527526705012326,0.30627268474594893,0.02419565283579024,13760.1001,False
M,Meta,2026,385,2694,728,0.2702301410541945,0.36802696705553606,0.01950997752139631,18968.923,False
M,Meta,,252,1762,581,0.329738933030647,0.329738933030647,0.0,1762.0,False
